idecadastro,Legislatura,Nome,Nome Parlamentar,Profissao,Situacao na Legislatura Atual,Sexo,UF,Partido
178957,55,ABEL SALVADOR MESQUITA JUNIOR,ABEL MESQUITA JR.,Empresário,Em Exercício,M,RR,DEM
178864,55,JOSE ADAIL CARNEIRO SILVA,ADAIL CARNEIRO,-,Em Exercício,M,CE,PP
178914,55,ADALBERTO CAVALCANTI RODRIGUES,ADALBERTO CAVALCANTI,Administrador de Empresas,Em Exercício,M,PE,PTB
178890,55,ADELMO CARNEIRO LEAO,ADELMO CARNEIRO LEÃO,Professor(a),Em Exercício,M,MG,PT
178968,55,ADELSON BARRETO DOS SANTOS,ADELSON BARRETO,"Jornalista,Radialista",Em Exercício,M,SE,PR
133374,55,ADEMIR CAMILO PRATES RODRIGUES,ADEMIR CAMILO,"Médico, Advogado",Em Exercício,M,MG,PODE
196359,55,ADÉRMIS MARINI JUNIOR,ADÉRMIS MARINI,-,Suplência,M,SP,PSDB
178903,55,ADILTON DOMINGOS SACHETTI,ADILTON SACHETTI,Arquiteto,Em Exercício,M,MT,PSB
141372,55,AELTON JOSÉ DE FREITAS,AELTON FREITAS,"PRODUTOR RURAL, EMPRESÁRIO, ENGENHEIRO AGRÔNOMO",Em Exercício,M,MG,PR
160508,55,AFONSO BANDEIRA FLORENCE,AFONSO FLORENCE,"Professor de História, Servidor Público",Em Exercício,M,BA,PT
136811,53,JOSÉ ALFONSO EBERT HAMM,AFONSO HAMM,Engenheiro Agrônomo,Em Exercício,M,RS,PP
178835,54,AFONSO ANTUNES DA MOTTA,AFONSO MOTTA,-,Em Exercício,M,RS,PDT
160527,55,AGUINALDO VELLOSO BORGES RIBEIRO,AGUINALDO RIBEIRO,Administrador,Em Exercício,M,PB,PP
178836,55,ALAN RICK MIRANDA,ALAN RICK,"Administrador de Empresas,Jornalista",Em Exercício,M,AC,DEM
160582,55,JOSÉ ALBERTO OLIVEIRA VELOSO FILHO,ALBERTO FILHO,Bacharel em Direito,Em Exercício,M,MA,PMDB
73579,53,JOÃO ALBERTO FRAGA SILVA,ALBERTO FRAGA,MILITAR,Em Exercício,M,DF,DEM
160559,54,ALCEU MOREIRA DA SILVA,ALCEU MOREIRA,Comerciante,Em Exercício,M,RS,PMDB
160511,55,ALESSANDRO LUCCIOLA MOLON,ALESSANDRO MOLON,"Advogado, Professor Universitário",Em Exercício,M,RJ,REDE
73458,53,ALEX CANZIANI SILVEIRA,ALEX CANZIANI,Registrador de Imóveis,Em Exercício,M,PR,PTB
178972,55,ALEX SPINELLI MANENTE,ALEX MANENTE,Bacharel  em Direito,Em Exercício,M,SP,PPS
178875,55,ALEXANDRE BALDY DE SANT'ANNA BRAGA,ALEXANDRE BALDY,-,Em Exercício,M,GO,PODE
160545,55,ALEXANDRE LEITE DA SILVA,ALEXANDRE LEITE,Empresário,Em Exercício,M,SP,DEM
178833,55,ALEXANDRE AUGUSTUS SERFIOTIS,ALEXANDRE SERFIOTIS,Médico(a),Em Exercício,M,RJ,PMDB
178936,55,ALEXANDRE VALLE CARDOSO,ALEXANDRE VALLE,-,Em Exercício,M,RJ,PR
141454,53,JACOB ALFREDO STOFFELS KAEFER,ALFREDO KAEFER,Industrial,Em Exercício,M,PR,PSDB
178846,55,ALFREDO PEREIRA DO NASCIMENTO,ALFREDO NASCIMENTO,-,Em Exercício,M,AM,PR
74057,53,ALICE MAZZUCO PORTUGAL,ALICE PORTUGAL,Química Industrial e Farmacêutica Bioquímica,Em Exercício,F,BA,PCdoB
178927,55,ALIEL MACHADO BARK,ALIEL MACHADO,-,Em Exercício,M,PR,REDE
178937,55,ALTINEU CÔRTES FREITAS COUTINHO,ALTINEU CÔRTES,Empresário,Em Exercício,M,RJ,PMDB
178881,55,ALUISIO GUIMARAES MENDES FILHO,ALUISIO MENDES,Funcionário Público Federal,Em Exercício,M,MA,PODE
178973,55,ANA LUCIA LIPPAUS PERUGINI,ANA PERUGINI,Advogada,Em Exercício,F,SP,PT
178831,55,ANDRE DOS SANTOS ABDON,ANDRÉ ABDON,Engenheiro Florestal,Em Exercício,M,AP,PP
195143,55,ANDRÉ AUGUSTO CASTRO DO AMARAL FILHO,ANDRÉ AMARAL,-,Em Exercício,M,PB,PMDB
74471,54,ANDRÉ CARLOS ALVES DE PAULA FILHO,ANDRÉ DE PAULA,Advogado.,Licenciado,M,PE,PSD
133439,52,ANDRÉ PEIXOTO FIGUEIREDO LIMA,ANDRÉ FIGUEIREDO,"Advogado, Economista, Empresário",Em Exercício,M,CE,PDT
178882,55,ANDRE LUIZ CARVALHO RIBEIRO,ANDRÉ FUFUCA,Médico(a),Em Exercício,M,MA,PP
160543,54,ANDRÉ LUIS DANTAS FERREIRA,ANDRE MOURA,Político,Em Exercício,M,SE,PSC
178974,55,ANDRES NAVARRO SANCHEZ,ANDRES SANCHEZ,Administrador,Em Exercício,M,SP,PT
192120,55,ANGELA ALBINO,ANGELA ALBINO,-,Suplência,F,SC,PCdoB
178837,55,RAIMUNDO ANGELIM VASCONCELOS,ANGELIM,Economista,Em Exercício,M,AC,PT
74212,55,ANÍBAL FERREIRA GOMES,ANÍBAL GOMES,Cirurgião-Dentista e Agropecuarista,Em Exercício,M,CE,PMDB
160553,54,ANTONIO LUIZ PARANHOS RIBEIRO LEITE DE BRITO,ANTONIO BRITO,Administrador de Empresas,Em Exercício,M,BA,PTB
141383,53,ANTONIO CARLOS MARTINS DE BULHÕES,ANTONIO BULHÕES,"Apresentador de Televisão, Administrador, Teólogo e Bispo Evangélico",Em Exercício,M,SP,PRB
73584,55,ANTONIO CARLOS DE MENDES THAME,ANTONIO CARLOS MENDES THAME,Professor Universitário.,Em Exercício,M,SP,PV
160530,54,ANTONIO JOSÉ IMBASSAHY DA SILVA,ANTONIO IMBASSAHY,Engenheiro Eletricista,Em Exercício,M,BA,PSDB
178950,55,ANTONIO JACOME DE LIMA JUNIOR,ANTÔNIO JÁCOME,"Advogado(a),Médico(a),Teólogo",Em Exercício,M,RN,PODE
74103,53,FRANCISCO ARIOSTO HOLANDA,ARIOSTO HOLANDA,Professor Universitário e Engenheiro Civil,Em Exercício,M,CE,PSB
73433,53,ARLINDO CHIGNALIA JUNIOR,ARLINDO CHINAGLIA,Médico,Em Exercício,M,SP,PT
73434,55,ARNALDO FARIA DE SÁ,ARNALDO FARIA DE SÁ,"Contabilista, Radialista, Professor e Advogado",Em Exercício,M,SP,PTB
160602,54,ARNALDO JORDY FIGUEIREDO,ARNALDO JORDY,Político,Em Exercício,M,PA,PPS
74833,53,AROLDE DE OLIVEIRA,AROLDE DE OLIVEIRA,"Engenheiro, Economista e Professor",Em Exercício,M,RJ,DEM
160541,55,ARTHUR CÉSAR PEREIRA DE LIRA,ARTHUR LIRA,"Agropecuarista, Bacharel em Direito, Empresário",Em Exercício,M,AL,PP
160600,54,ARTHUR DE OLIVEIRA MAIA DA SILVA,ARTHUR OLIVEIRA MAIA,Advogado,Em Exercício,M,BA,SD
178847,55,ARTHUR VIRGILIO DO CARMO RIBEIRO BISNETO,ARTHUR VIRGÍLIO BISNETO,Político,Em Exercício,M,AM,PSDB
159237,55,FRANCISCO DE ASSIS CARVALHO GONÇALVES,ASSIS CARVALHO,Funcionário Público Federal,Em Exercício,M,PI,PT
74378,53,ASSIS MIGUEL DO COUTO,ASSIS DO COUTO,AGRICULTOR,Em Exercício,M,PR,PT
160581,54,ASSIS FLÁVIO DA SILVA MELO,ASSIS MELO,Metalúrgico,Em Exercício,M,RS,PCdoB
74090,55,ÁTILA SIDNEY LINS ALBUQUERQUE,ÁTILA LINS,"Bacharel em Direito, graduado pela Universidade Federal do Amazonas em 1.976; Advogado com inscrição na OAB/AM nº 1.000 ; Bacharel em Economia, graduado pela Universidade Federal do Amazonas em 1.986; Auditor Concursado do TCE/AM, 1.977",Em Exercício,M,AM,PSD
74459,55,ÁTILA FREITAS LIRA,ÁTILA LIRA,Administrador de Empresas e Economista,Em Exercício,M,PI,PSB
73655,53,AUGUSTO SILVEIRA DE CARVALHO,AUGUSTO CARVALHO,-,Em Exercício,M,DF,PPS
160665,55,AUGUSTO RODRIGUES COUTINHO DE MELO,AUGUSTO COUTINHO ,Engenheiro Civil,Em Exercício,M,PE,SD
160512,54,AUREO LIDIO MOREIRA RIBEIRO,AUREO,Empresário,Em Exercício,M,RJ,SD
69871,55,JOAO CARLOS BACELAR BATISTA,BACELAR,Administrador,Em Exercício,M,BA,PODE
178975,55,LUIZ FELIPE BALEIA TENUTO ROSSI,BALEIA ROSSI,Empresário,Em Exercício,M,SP,PMDB
178834,55,ADALBERTO SOUZA GALVÃO,BEBETO,-,Em Exercício,M,BA,PSB
73701,54,BENEDITA SOUZA DA SILVA SAMPAIO,BENEDITA DA SILVA,"Assistente Social, Auxiliar de Enfermagem, Professor, Servidor Público",Em Exercício,F,RJ,PT
74535,55,BENITO DA GAMA SANTOS,BENITO GAMA,"Economista,Professor(a)",Em Exercício,M,BA,PTB
74040,52,BENJAMIN GOMES MARANHÃO NETO,BENJAMIN MARANHÃO,Cirurgião-Dentista,Em Exercício,M,PB,PMDB
178915,55,HEBERTE LAMARCK GOMES DA SILVA,BETINHO GOMES,Engenheiro Agrônomo,Em Exercício,M,PE,PSDB
141335,53,JOSÉ ROBERTO OLIVEIRA FARO,BETO FARO,AGRICULTOR FAMILIAR,Em Exercício,M,PA,PT
73437,53,PAULO ROBERTO GOMES MANSUR,BETO MANSUR,"Radialista, Empresário e Engenheiro Eletrônico",Em Exercício,M,SP,PP
178948,55,CARLOS ALBERTO DE SOUSA ROSADO SEGUNDO,BETO ROSADO,Agrônomo,Em Exercício,M,RN,PP
178906,55,ROBERTO SALAME FILHO,BETO SALAME,-,Em Exercício,M,PA,PP
141513,53,OLAVO BILAC PINTO NETO,BILAC PINTO,ADVOGADO,Licenciado,M,MG,PR
160538,54,ELVINO JOSÉ BOHN GASS,BOHN GASS,"Agricultor Familiar, Professor de História",Em Exercício,M,RS,PT
74650,53,BONIFÁCIO JOSÉ TAMM DE ANDRADA,BONIFÁCIO DE ANDRADA,ADVOGADO E PROFESSOR UNIVERSITÁRIO,Em Exercício,M,MG,PSDB
160589,54,BRUNA DIAS FURLAN,BRUNA FURLAN,-,Em Exercício,F,SP,PSDB
178999,55,BRUNIELE FERREIRA GOMES,BRUNNY,-,Em Exercício,F,MG,PR
178976,55,BRUNO COVAS LOPES,BRUNO COVAS,"Advogado(a),Economista",Vacância,M,SP,PSDB
178938,55,BENEVENUTO DACIOLO FONSECA DOS SANTOS,CABO DACIOLO,Militar,Em Exercício,M,RJ,PTdoB
178865,55,FLAVIO ALVES SABINO,CABO SABINO,Corretor de Imóveis,Em Exercício,M,CE,PR
105112,55,LUIZ GIONILSON PINHEIRO BORGES,CABUÇU BORGES,"Comunicador de Rádio,Economista",Em Exercício,M,AP,PMDB
93083,55,CARLOS FELIPE VAZQUEZ DE SOUZA LEÃO,CACÁ LEÃO,Administrador,Em Exercício,M,BA,PP
178853,55,LUIZ CARLOS CAETANO,CAETANO,Farmacêutico Bioquímico,Em Exercício,M,BA,PT
178891,55,CAIO NARCIO RODRIGUES DA SILVEIRA,CAIO NARCIO,-,Em Exercício,M,MG,PSDB
194261,55,CAJAR ONESIMO RIBEIRO NARDES,CAJAR NARDES,-,Em Exercício,M,RS,PR
178829,55,JOSE AUGUSTO ROSA,CAPITÃO AUGUSTO,Policial Militar,Em Exercício,M,SP,PR
178958,55,CARLOS AUGUSTO ANDRADE SILVA,CARLOS ANDRADE,"Administrador,Eletricitário",Em Exercício,M,RR,PHS
141401,53,CARLOS GOMES BEZERRA,CARLOS BEZERRA,"Industrial, Advogado e Professor",Em Exercício,M,MT,PMDB
74474,55,CARLOS EDUARDO CINTRA DA COSTA PEREIRA,CARLOS EDUARDO CADOCA,Advogado,Em Exercício,M,PE,PDT
178962,55,ANTONIO CARLOS GOMES DA SILVA,CARLOS GOMES,-,Em Exercício,M,RS,PRB
178993,55,CARLOS HENRIQUE AMORIM,CARLOS HENRIQUE GAGUIM,-,Em Exercício,M,TO,PODE
74163,53,CARLOS HUMBERTO MANNATO,MANATO,MEDICO,Em Exercício,M,ES,PDT
178900,55,CARLOS EDUARDO XAVIER MARUN,CARLOS MARUN,"Advogado(a),Engenheiro Civil",Em Exercício,M,MS,PMDB
74651,53,CARLOS DO CARMO ANDRADE MELLES,CARLOS MELLES,Engenheiro Agrônomo e Empresário,Em Exercício,M,MG,DEM
74262,53,CARLOS HENRIQUE FOCESI SAMPAIO,CARLOS SAMPAIO,Promotor de Justiça.,Em Exercício,M,SP,PSDB
141398,55,CARLOS ALBERTO ROLIM ZARATTINI,CARLOS ZARATTINI,ECONOMISTA,Em Exercício,M,SP,PT
164360,54,CARMEN EMÍLIA BONFÁ ZANOTTO,CARMEN ZANOTTO,Enfermeira,Suplência,F,SC,PPS
178876,55,CELIO ANTONIO DA SILVEIRA,CÉLIO SILVEIRA,Médico(a),Em Exercício,M,GO,PSDB
73568,54,CELSO ALENCAR RAMOS JACOB,CELSO JACOB,-,Suplência,M,RJ,PMDB
141405,53,CELSO MALDANER,CELSO MALDANER,"ECONOMISTA, EMPRESÁRIO",Em Exercício,M,SC,PMDB
72912,55,CELSO PANSERA,CELSO PANSERA,-,Em Exercício,M,RJ,PMDB
73441,53,CELSO UBIRAJARA RUSSOMANNO,CELSO RUSSOMANNO,"Apresentador de Televisão, Repórter e Bacharel em Direito",Em Exercício,M,SP,PP
160576,55,CESAR HANNA HALUM,CÉSAR HALUM,Médico Veterinário,Em Exercício,M,TO,PRB
178838,55,CARLOS CESAR CORREIA DE MESSIAS,CÉSAR MESSIAS,Pecuarista,Em Exercício,M,AC,PSB
73720,55,César Antonio de Souza,CESAR SOUZA,"Apresentador de Televisão,Comunicador de Rádio,Empresário",Em Exercício,M,SC,PSD
74171,53,FRANCISCO RODRIGUES DE ALENCAR FILHO,CHICO ALENCAR,PROFESSOR DE ENSINO SUPERIOR,Em Exercício,M,RJ,PSOL
141439,55,FRANCISCO JOSÉ D'ANGELO PINTO,CHICO D'ANGELO,Médico,Em Exercício,M,RJ,PT
141440,53,FRANCISCO LOPES DA SILVA,CHICO LOPES,Professor e Auditor-Fiscal,Em Exercício,M,CE,PCdoB
178928,55,CHRISTIANE DE SOUZA YARED,CHRISTIANE DE SOUZA YARED,-,Em Exercício,F,PR,PR
178841,55,JOSÉ CÍCERO SOARES DE ALMEIDA,CÍCERO ALMEIDA,"Cantor,Radialista,Repórter",Em Exercício,M,AL,PODE
74537,53,CLÁUDIO CAJADO SAMPAIO,CLAUDIO CAJADO,Advogado,Em Exercício,M,BA,DEM
141408,53,CLEBER VERDE CORDEIRO MENDES,CLEBER VERDE,"Vendedor Autônomo, Professor, Servidor Público, Político e Bacharel em Direito",Em Exercício,M,MA,PRB
178848,55,MARIA DA CONCEICAO SAMPAIO MOURA,CONCEIÇÃO SAMPAIO,-,Em Exercício,F,AM,PP
178963,55,LUIS ANTONIO FRANCISCATTO COVATTI,COVATTI FILHO,-,Em Exercício,M,RS,PP
194258,55,CLEUZA PEREIRA DO NASCIMENTO,CREUZA PEREIRA,-,Em Exercício,F,PE,PSB
93472,55,CRISTIANE BRASIL FRANCISCO,CRISTIANE BRASIL,Advogada,Em Exercício,F,RJ,PTB
141411,53,DAGOBERTO NOGUEIRA FILHO,DAGOBERTO,Advogado e Administrador de Empresas,Em Exercício,M,MS,PDT
74467,53,DAMIÃO FELICIANO DA SILVA,DAMIÃO FELICIANO,"Médico, Empresário e Radialista",Em Exercício,M,PB,PDT
178892,55,DAMINA DE CARVALHO PEREIRA,DÂMINA PEREIRA,-,Em Exercício,F,MG,PSL
74060,55,DANIEL GOMES DE ALMEIDA,DANIEL ALMEIDA,Industriário,Em Exercício,M,BA,PCdoB
178916,55,DANIEL PIRES COELHO,DANIEL COELHO,Administrador,Em Exercício,M,PE,PSDB
144523,55,DANIEL ELIAS CARVALHO VILELA,DANIEL VILELA,-,Em Exercício,M,GO,PMDB
160528,55,DANILO JORGE DE BARROS CABRAL,DANILO CABRAL,Advogado,Em Exercício,M,PE,PSB
62881,54,FRANCISCO DANILO BASTOS FORTE,DANILO FORTE,Advogado,Em Exercício,M,CE,PMDB
160552,54,DANRLEI DE DEUS HINTERHOLZ,DANRLEI DE DEUS HINTERHOLZ,Atleta Profissional de Futebol,Em Exercício,M,RS,PSD
73891,55,DARCÍSIO PAULO PERONDI,DARCÍSIO PERONDI,Médico,Em Exercício,M,RS,PMDB
101309,55,DAVIDSON DE MAGALHÃES SANTOS,DAVIDSON MAGALHÃES,-,Suplência,M,BA,PCdoB
141413,55,DÉCIO NERY DE LIMA,DÉCIO LIMA,Professor de Ensino Médio e Advogado,Em Exercício,M,SC,PT
196357,55,DEJORGE PATRICIO DA SILVA,DEJORGE PATRÍCIO,-,Em Exercício,M,RJ,PRB
178908,55,EDER MAURO CARDOSO BARRA,DELEGADO ÉDER MAURO,-,Em Exercício,M,PA,PSD
178893,55,EDSON MOREIRA DA SILVA,DELEGADO EDSON MOREIRA,"Advogado(a),Delegado de Polícia Civil,Policial Militar,Professor de Direito",Em Exercício,M,MG,PR
160646,55,FERNANDO DESTITO FRANCISCHINI,DELEGADO FRANCISCHINI,Delegado de Polícia Federal,Em Exercício,M,PR,SD
164359,55,WALDIR SOARES DE OLIVEIRA,DELEGADO WALDIR,-,Em Exercício,M,GO,PR
74172,55,WANDERLEY ALVES DE OLIVEIRA,DELEY,ATLETA PROFISSIONAL E TECNICO EM DESPORTOS,Em Exercício,M,RJ,PTB
185500,55,DEOCLIDES ANTONIO SANTOS NETO MACEDO,DEOCLIDES MACEDO,-,Em Exercício,M,MA,PDT
160588,55,DIEGO LEONARDO DE ANDRADE CARVALHO,DIEGO ANDRADE,Administrador de Empresas,Em Exercício,M,MG,PSD
178929,55,DIEGO ALEXSANDER GONCALO PAULA GARCIA,DIEGO GARCIA,Autônomo,Em Exercício,M,PR,PHS
73768,53,DILCEU JOÃO SPERAFICO,DILCEU SPERAFICO,"Industrial, Bacharel em Direito, Filósofo e Agropecuarista",Em Exercício,M,PR,PP
160599,55,DIMAS FABIANO TOLEDO JÚNIOR,DIMAS FABIANO,-,Em Exercício,M,MG,PP
143632,54,DOMINGOS GOMES DE AGUIAR NETO,DOMINGOS NETO,Empresário,Em Exercício,M,CE,PROS
160758,54,DOMINGOS SÁVIO CAMPOS RESENDE,DOMINGOS SÁVIO,Médico Veterinário,Em Exercício,M,MG,PSDB
160643,55,JORGE SILVA,DR. JORGE SILVA,Médico,Em Exercício,M,ES,PHS
178830,55,SINVAL MALHEIROS PINTO JÚNIOR,DR. SINVAL MALHEIROS,-,Em Exercício,M,SP,PODE
178994,55,DULCE FERREIRA PAGANI MIRANDA,DULCE MIRANDA,-,Em Exercício,F,TO,PMDB
73793,53,EDSON BEZ DE OLIVEIRA,EDINHO BEZ,Contador e Bancário,Em Exercício,M,SC,PMDB
141417,53,ÉDIO VIEIRA LOPES,EDIO LOPES,Servidor Público,Em Exercício,M,RR,PMDB
160578,55,EDMAR DE SOUZA ARRUDA,EDMAR ARRUDA,Economista,Em Exercício,M,PR,PSD
134812,55,EDMILSON BRITO RODRIGUES,EDMILSON RODRIGUES,Professor(a),Em Exercício,M,PA,PSOL
74655,53,EDUARDO LUIZ BARROS BARBOSA,EDUARDO BARBOSA,Médico,Em Exercício,M,MG,PSDB
92346,55,EDUARDO NANTES BOLSONARO,EDUARDO BOLSONARO,Policial Federal,Em Exercício,M,SP,PSC
178977,55,EDUARDO PEDROSA CURY,EDUARDO CURY,Engenheiro Mecânico,Em Exercício,M,SP,PSDB
141421,55,EDUARDO HENRIQUE DA FONTE DE ALBUQUERQUE SILVA,EDUARDO DA FONTE,EMPRESÁRIO,Em Exercício,M,PE,PP
141422,55,EFRAIM DE ARAÚJO MORAIS FILHO,EFRAIM FILHO,ADVOGADO,Em Exercício,M,PB,DEM
74075,55,ELCIONE THEREZINHA ZAHLUTH BARBALHO,ELCIONE BARBALHO,Pedagoga,Em Exercício,F,PA,PMDB
160532,54,ADRIANO ELI CORRÊA,ELI CORREA FILHO,Radialista,Em Exercício,M,SP,DEM
181316,55,ELIZEU DIONIZIO SOUZA  DA SILVA,ELIZEU DIONIZIO,-,Em Exercício,M,MS,PSDB
178883,55,ELIZIANE PEREIRA GAMA FERREIRA,ELIZIANE GAMA,-,Em Exercício,F,MA,PPS
178854,55,ELMAR JOSE VIEIRA NASCIMENTO,ELMAR NASCIMENTO,Advogado(a),Em Exercício,M,BA,DEM
132504,55,ENIO JOSÉ VERRI,ENIO VERRI,-,Em Exercício,M,PR,PT
160575,54,ÉRIKA JUCÁ KOKAY,ERIKA KOKAY,Bancário,Em Exercício,F,DF,PT
99654,55,ERIVELTON LIMA SANTANA,ERIVELTON SANTANA,"Assessor Político, Auxiliar de Administração",Em Exercício,M,BA,PEN
160640,54,EROS FERREIRA BIONDINI,EROS BIONDINI,"Médico Veterinário, Músico",Em Exercício,M,MG,PTB
160649,55,ESPERIDIÃO AMIN HELOU FILHO,ESPERIDIÃO AMIN,"Administrador, Advogado, Professor Universitário",Em Exercício,M,SC,PP
178871,55,EVAIR VIEIRA DE MELO,EVAIR VIEIRA DE MELO,-,Em Exercício,M,ES,PV
178828,55,EVANDRO HERRERA BERTONE GUSSI,EVANDRO GUSSI,"Advogado(a),Professor Universitário",Em Exercício,M,SP,PV
178930,55,EVANDRO ROGERIO ROMAN,EVANDRO ROMAN,Professor de Educação Física,Em Exercício,M,PR,PSD
178953,55,EXPEDITO GONCALVES FERREIRA NETTO,EXPEDITO NETTO,-,Em Exercício,M,RO,PSD
178904,55,EZEQUIEL ANGELO FONSECA,EZEQUIEL FONSECA,Professor de Matemática,Em Exercício,M,MT,PP
178941,55,EZEQUIEL CORTAZ TEIXEIRA,EZEQUIEL TEIXEIRA,Advogado(a),Em Exercício,M,RJ,PODE
141428,55,FÁBIO SALUSTINO MESQUITA DE FARIA,FÁBIO FARIA,Administrador de Empresas,Em Exercício,M,RN,PSD
178905,55,FABIO PAULINO GARCIA,FABIO GARCIA,Engenheiro Civil,Em Exercício,M,MT,PSB
178969,55,FABIO CRUZ MITIDIERI,FÁBIO MITIDIERI,-,Em Exercício,M,SE,PSD
141427,55,FÁBIO AUGUSTO RAMALHO DOS SANTOS,FÁBIO RAMALHO,Empresário,Em Exercício,M,MG,PMDB
171623,54,FABIO DE ALMEIDA REIS,FABIO REIS,-,Em Exercício,M,SE,PMDB
178877,55,FABIO FERNANDES DE SOUSA,FÁBIO SOUSA,"Apresentador de Televisão,Gestor Público,Pastor,Radialista",Em Exercício,M,GO,PSDB
66828,55,FAUSTO RUY PINATO,FAUSTO PINATO,Advogado(a),Em Exercício,M,SP,PP
141430,53,FELIPE LEONE BORNIER DE OLIVEIRA,FELIPE BORNIER,EMPRESÁRIO,Em Exercício,M,RJ,PHS
72442,55,FELIPE AUGUSTO LYRA CARRERAS,FELIPE CARRERAS,-,Licenciado,M,PE,PSB
141429,55,FELIPE CATALÃO MAIA,FELIPE MAIA,Advogado,Em Exercício,M,RN,DEM
160666,54,FELIX DE ALMEIDA MENDONÇA JÚNIOR,FÉLIX MENDONÇA JÚNIOR,-,Em Exercício,M,BA,PDT
141431,53,FERNANDO BEZERRA DE SOUZA COELHO FILHO,FERNANDO COELHO FILHO,Administrador de Empresas,Em Exercício,M,PE,PSB
163831,54,FERNANDO ANTÔNIO CECILIANO JORDÃO,FERNANDO JORDÃO,-,Em Exercício,M,RJ,PMDB
92699,55,FERNANDO MONTEIRO DE ALBUQUERQUE,FERNANDO MONTEIRO,-,Em Exercício,M,PE,PP
160676,55,FERNANDO DANTAS TORRES,FERNANDO TORRES,Empresário,Em Exercício,M,BA,PSD
160598,54,FLÁVIA CARREIRO ALBUQUERQUE MORAIS,FLÁVIA MORAIS,Professora de Educação Física,Em Exercício,F,GO,PDT
141434,53,FLAVIANO FLÁVIO BAPTISTA DE MELO,FLAVIANO MELO,ENGENHEIRO CIVIL,Em Exercício,M,AC,PMDB
178978,55,FLAVIO AUGUSTO DA SILVA,FLAVINHO,"Apresentador de Televisão,Cantor,Compositor,Empresário,Escritor,Locutor",Em Exercício,M,SP,PSB
178907,55,FRANCISCO ALVES DE AGUIAR,FRANCISCO CHAPADINHA,Empresário,Em Exercício,M,PA,PODE
160677,54,FRANCISCO FLORIANO DE SOUSA SILVA,FRANCISCO FLORIANO,"Apresentador de Televisão, Locutor, Publicitário, Representante Comercial",Em Exercício,M,RJ,PR
186775,55,FRANKLIN ROBERTO DE LIMA SOUZA,FRANKLIN,-,Em Exercício,M,MG,PP
129037,54,GABRIEL GUIMARÃES DE ANDRADE,GABRIEL GUIMARÃES,Advogado,Em Exercício,M,MG,PT
160669,55,GENECIAS MATEUS NORONHA,GENECIAS NORONHA,Empresário,Em Exercício,M,CE,SD
141441,53,GEORGE HILTON DOS SANTOS CECÍLIO,GEORGE HILTON,"Radialista, Apresentador de Televisão, Teólogo e Animador",Em Exercício,M,MG,PRB
178966,55,GEOVANIA DE SA RODRIGUES,GEOVANIA DE SÁ,Administradora de Empresas,Em Exercício,F,SC,PSDB
74374,55,GERALDO RESENDE PEREIRA,GERALDO RESENDE,MEDICO,Em Exercício,M,MS,PSDB
74383,53,FERNANDO LÚCIO GIACOBO,GIACOBO,Empresário,Em Exercício,M,PR,PR
74270,55,GILBERTO NASCIMENTO SILVA,GILBERTO NASCIMENTO,Advogado e Delegado de Polícia,Em Exercício,M,SP,PSC
160673,54,GIOVANI CHERINI,GIOVANI CHERINI,Tecnólogo em Cooperativismo,Em Exercício,M,RS,PDT
178878,55,GIUSEPPE VECCI,GIUSEPPE VECCI,Economista,Em Exercício,M,GO,PSDB
74558,53,GIVALDO DE SÁ GOUVEIA,GIVALDO CARIMBÃO,Comerciante e Gráfico,Em Exercício,M,AL,PSB
178872,55,GIVALDO VIEIRA DA SILVA,GIVALDO VIEIRA,Advogado(a),Em Exercício,M,ES,PT
152605,53,GLAUBER DE MEDEIROS BRAGA,GLAUBER BRAGA,Bacharel em Direito,Em Exercício,M,RJ,PSB
74419,55,LUIZ GONZAGA PATRIOTA,GONZAGA PATRIOTA,"Advogado, Contador , Administrador de Empresas e Jornalista.",Em Exercício,M,PE,PSB
129618,55,MARIA GORETE PEREIRA,GORETE PEREIRA,FISIOTERAPEUTA,Em Exercício,F,CE,PR
178980,55,ANTONIO GOULART DOS REIS,GOULART,Empresário,Em Exercício,M,SP,PSD
194259,55,GUILHERME CRUZ DE SOUZA COELHO,GUILHERME COELHO,-,Em Exercício,M,PE,PSDB
160667,55,GUILHERME MUSSI FERREIRA,GUILHERME MUSSI,Administrador de Empresas,Em Exercício,M,SP,PP
178964,55,HEITOR JOSE SCHUCH,HEITOR SCHUCH,Agricultor Familiar,Em Exercício,M,RS,PSB
178873,55,HELDER IGNACIO SALOMAO,HELDER SALOMÃO,Professor(a),Em Exercício,M,ES,PT
178909,55,HELIO LEITE DA SILVA,HÉLIO LEITE,Corretor de Imóveis,Em Exercício,M,PA,DEM
73482,55,HENRIQUE FONTANA JÚNIOR,HENRIQUE FONTANA,Médico e Administrador de Empresas,Em Exercício,M,RS,PT
97707,55,HERÁCLITO DE SOUSA FORTES,HERÁCLITO FORTES,Servidor Público,Em Exercício,M,PI,PSB
178981,55,HERCULANO CASTILHO PASSOS JUNIOR,HERCULANO PASSOS,Empresário,Em Exercício,M,SP,PSD
73772,53,HERMES PARCIANELLO,HERMES PARCIANELLO,Contador,Em Exercício,M,PR,PMDB
160596,54,HEULER ABREU CRUVINEL,HEULER CRUVINEL,-,Em Exercício,M,GO,PSD
178884,55,HILDO AUGUSTO DA ROCHA NETO,HILDO ROCHA,-,Em Exercício,M,MA,PMDB
178959,55,HIRAN MANUEL GONCALVES DA SILVA,HIRAN GONÇALVES,"Médico Legista,Médico(a)",Em Exercício,M,RR,PP
178849,55,HISSA NAGIB ABRAHAO FILHO,HISSA ABRAHÃO,Comerciante,Em Exercício,M,AM,PDT
141450,55,HUGO LEAL MELO DA SILVA,HUGO LEAL,Advogado,Em Exercício,M,RJ,PSB
160674,55,HUGO MOTTA WANDERLEY DA NÓBREGA,HUGO MOTTA,Estudante Universitário,Em Exercício,M,PB,PMDB
141389,53,ANTONIO PEDRO INDIO DA COSTA,INDIO DA COSTA,ADVOGADO,Em Exercício,M,RJ,DEM
67138,54,IRACEMA MARIA PORTELLA NUNES NOGUEIRA LIMA,IRACEMA PORTELLA,"Empresária, Professor",Em Exercício,F,PI,PP
81232,54,IRAJÁ SILVESTRE FILHO,IRAJÁ ABREU,"Empresário, Produtor Rural",Em Exercício,M,TO,PSD
178855,55,ANTONIO LAZARO SILVA,IRMÃO LAZARO,"Cantor,Compositor,Músico",Em Exercício,M,BA,PSC
73531,53,IVAN VALENTE,IVAN VALENTE,Matemático e Engenheiro.,Em Exercício,M,SP,PSOL
4931,55,IZALCI LUCAS FERREIRA,IZALCI LUCAS,"Contador, Professor",Em Exercício,M,DF,PSDB
196378,55,IZAQUE JOSE DA SILVA,IZAQUE SILVA,-,Em Exercício,M,SP,PSDB
74665,53,JAIME MARTINS FILHO,JAIME MARTINS,"Empresário, Engenheiro e Advogado",Em Exercício,M,MG,PR
74847,53,JAIR MESSIAS BOLSONARO,JAIR BOLSONARO,Militar,Em Exercício,M,RJ,PP
74848,55,JANDIRA FEGHALI,JANDIRA FEGHALI,"Médico, Músico",Em Exercício,F,RJ,PCdoB
73926,55,JANETE MARIA GÓES CAPIBERIBE,JANETE CAPIBERIBE,-,Em Exercício,F,AP,PSB
131943,55,Jarbas de Andrade Vasconcelos,JARBAS VASCONCELOS,"Advogado(a),Funcionário Público",Em Exercício,M,PE,PMDB
160672,54,JEAN WYLLYS DE MATOS SANTOS,JEAN WYLLYS,"Comunicador, Escritor, Jornalista, Professor Universitário",Em Exercício,M,RJ,PSOL
74273,53,JEFFERSON ALVES DE CAMPOS,JEFFERSON CAMPOS,"Ministro do Evangelho, Advogado, Tecnologo, Radialista, Bacharel em Teologia",Em Exercício,M,SP,PSB
160570,54,JERÔNIMO PIZZOLOTTO GOERGEN,JERÔNIMO GOERGEN,Advogado,Em Exercício,M,RS,PP
178839,55,JESSICA ROJAS SALES,JÉSSICA SALES,-,Em Exercício,F,AC,PMDB
178842,55,JOAO HENRIQUE HOLANDA  CALDAS,JHC,-,Em Exercício,M,AL,PSB
160531,55,JOHNATHAN PEREIRA DE JESUS,JHONATAN DE JESUS,Empresário,Em Exercício,M,RR,PRB
141503,53,MARIA DO SOCORRO JÔ MORAES,JÔ MORAES,FUNCIONÁRIA PÚBLICA,Em Exercício,F,MG,PCdoB
160573,54,JOÃO JOSÉ DE ARRUDA JÚNIOR,JOÃO ARRUDA,Bacharel em Ciências Físicas e Naturais,Em Exercício,M,PR,PMDB
74366,53,JOÃO CAMPOS DE ARAÚJO,JOÃO CAMPOS,Delegado de Polícia,Em Exercício,M,GO,PSDB
141458,53,JOÃO CARLOS PAOLILO BACELAR FILHO,JOÃO CARLOS BACELAR,Engenheiro Civil,Em Exercício,M,BA,PR
178970,55,JOAO SOMARIVA DANIEL,JOÃO DANIEL,Agricultor,Em Exercício,M,SE,PT
178965,55,JOAO DERLY DE OLIVEIRA NUNES JUNIOR,JOÃO DERLY,-,Em Exercício,M,RS,REDE
178917,55,JOAO FERNANDO PONTUAL COUTINHO,JOÃO FERNANDO COUTINHO,-,Em Exercício,M,PE,PSB
178856,55,JOAO GUALBERTO VASCONCELOS,JOÃO GUALBERTO,-,Em Exercício,M,BA,PSDB
112437,55,JOÃO MARCELO SANTOS SOUZA,JOÃO MARCELO SOUZA,Psicólogo,Em Exercício,M,MA,PMDB
178967,55,JOAO PAULO KARAM KLEINUBING,JOÃO PAULO KLEINÜBING,"Administrador,Historiador",Em Exercício,M,SC,PSD
178988,55,JOAO PAULO TAVARES PAPA,JOÃO PAULO PAPA,"Engenheiro,Professor(a)",Em Exercício,M,SP,PSDB
160571,55,JOÃO RODRIGUES,JOÃO RODRIGUES,"Empresário, Radialista",Em Exercício,M,SC,PSD
178910,55,JOAQUIM PASSARINHO PINTO DE SOUZA PORTO,JOAQUIM PASSARINHO,Arquiteto,Em Exercício,M,PA,PSD
194262,55,JONES ALEXANDRE MARTINS,JONES MARTINS,-,Em Exercício,M,RS,PMDB
178971,55,JONY MARCOS DE SOUZA ARAUJO,JONY MARCOS,Radialista,Em Exercício,M,SE,PRB
74388,55,JORGE CATARINO LEONARDELI BOEIRA,JORGE BOEIRA,Engenheiro Mecânico.,Em Exercício,M,SC,PP
160572,54,JORGE WICKS CÔRTE REAL,JORGE CÔRTE REAL,Engenheiro Civil,Em Exercício,M,PE,PTB
178857,55,JORGE JOSE SANTOS PEREIRA SOLLA,JORGE SOLLA,Médico(a),Em Exercício,M,BA,PT
73535,53,JORGE TADEU MUDALEN,JORGE TADEU MUDALEN,Engenheiro Civil,Em Exercício,M,SP,DEM
160509,54,JORGINHO DOS SANTOS MELLO,JORGINHO MELLO,"Advogado, Bancário",Em Exercício,M,SC,PR
141464,55,JOSÉ AIRTON FÉLIX CIRILO DA SILVA,JOSÉ AIRTON CIRILO,Advogado e Engenheiro Civil,Em Exercício,M,CE,PT
74553,55,JOSÉ CARLOS ALELUIA COSTA,JOSÉ CARLOS ALELUIA,Professor Universitário e Engenheiro Elétrico,Em Exercício,M,BA,DEM
74140,53,JOSÉ CARLOS LEÃO DE ARAÚJO,JOSÉ CARLOS ARAÚJO,Administrador.,Em Exercício,M,BA,PDT
131966,55,JOSÉ ALBERTO FOGAÇA DE MEDEIROS,JOSÉ FOGAÇA ,-,Em Exercício,M,RS,PMDB
141470,53,JOSÉ NOBRE GUIMARÃES,JOSÉ GUIMARÃES,ADVOGADO,Em Exercício,M,CE,PT
74275,53,JOSÉ MENTOR GUILHERME DE MELLO NETTO,JOSÉ MENTOR,ADVOGADO,Em Exercício,M,SP,PT
160619,55,JOSÉ NUNES SOARES,JOSÉ NUNES,Empresário,Em Exercício,M,BA,PSD
74395,53,JOSÉ OTÁVIO GERMANO,JOSÉ OTÁVIO GERMANO,ADVOGADO,Em Exercício,M,RS,PP
74079,55,JOSÉ BENITO PRIANTE JÚNIOR,JOSÉ PRIANTE,Advogado,Em Exercício,M,PA,PMDB
73714,55,José Reinaldo Carneiro Tavares,JOSÉ REINALDO,"Administrador Público,Engenheiro",Em Exercício,M,MA,PSB
74554,53,JOSÉ ALVES ROCHA,JOSÉ ROCHA,Médico,Em Exercício,M,BA,PR
160607,55,JOSE LUIZ STÉDILE,JOSE STÉDILE,"Administrador Público, Metalúrgico",Em Exercício,M,RS,PSB
114941,55,JOSINIANE BRAGA NUNES,JOSI NUNES,"Professora Universitária,Psicóloga",Em Exercício,F,TO,PMDB
74351,52,JOSUÉ BENGTSON,JOSUÉ BENGTSON,Pastor Evangélico,Em Exercício,M,PA,PTB
73666,55,JOVAIR DE OLIVEIRA ARANTES,JOVAIR ARANTES,Cirurgião-Dentista,Em Exercício,M,GO,PTB
178851,55,JOZIANE ARAUJO NASCIMENTO,JOZI ARAÚJO,-,Em Exercício,F,AP,PODE
67312,55,JULIA MARIA GODINHO DA CRUZ MARINHO,JÚLIA MARINHO,-,Em Exercício,F,PA,PSC
141474,53,JULIÃO AMIN CASTRO,JULIÃO AMIN,Advogado,Em Exercício,M,MA,PDT
74317,53,JÚLIO CÉSAR DE CARVALHO LIMA,JÚLIO CESAR,"PROFESSOR, ADVOGADO E PRODUTOR RURAL",Em Exercício,M,PI,DEM
73586,55,JÚLIO CÉSAR DELGADO,JÚLIO DELGADO,CONSULTOR E ADVOGADO,Em Exercício,M,MG,PSB
74253,52,JULIO LUIZ BAPTISTA LOPES,JULIO LOPES,"Administrador de Empresas, Professor",Vacância,M,RJ,PP
178885,55,ANTONIO DA CRUZ FILGUEIRA JUNIOR,JUNIOR MARRECA,Advogado(a),Em Exercício,M,MA,PEN
178886,55,JOSE JUSCELINO DOS SANTOS REZENDE FILHO,JUSCELINO FILHO,"Empresário,Médico(a)",Em Exercício,M,MA,DEM
74570,53,JUTAHY MAGALHÃES JÚNIOR,JUTAHY JUNIOR,Advogado,Em Exercício,M,BA,PSDB
178918,55,KAIO CESAR DE MOURA MANICOBA NOVAES FERRAZ,KAIO MANIÇOBA,-,Licenciado,M,PE,PMDB
160659,54,IOLANDA KEIKO MIASHIRO OTA,KEIKO OTA,"Empresária, Escritor",Em Exercício,F,SP,PSB
151208,55,LAERCIO JOSÉ DE OLIVEIRA,LAERCIO OLIVEIRA,Administrador de Empresas,Em Exercício,M,SE,SD
141478,53,LAERTE RODRIGUES DE BESSA,LAERTE BESSA,DELEGADO DE POLÍCIA,Em Exercício,M,DF,PSC
178894,55,LAUDIVIO ALVARENGA CARVALHO,LAUDIVIO CARVALHO,Jornalista,Em Exercício,M,MG,SD
74856,55,MARIA LAURA MONTEZA DE SOUZA CARNEIRO,LAURA CARNEIRO,Advogada e Servidora Pública Federal,Em Exercício,F,RJ,PMDB
141480,55,LÁZARO BOTELHO MARTINS,LÁZARO BOTELHO,"EMPRESÁRIO, PECUARISTA",Em Exercício,M,TO,PP
178832,55,LEANDRE DAL PONTE,LEANDRE,Engenheira Civil,Em Exercício,F,PR,PV
141562,53,WELINGTON COIMBRA,LELO COIMBRA,MÉDICO,Em Exercício,M,ES,PMDB
178825,55,LEONARDO CUNHA DE BRITO,LEO DE BRITO,"Advogado(a),Professor de Direito",Em Exercício,M,AC,PT
74156,53,JOSÉ LEONARDO COSTA MONTEIRO,LEONARDO MONTEIRO,Advogado,Em Exercício,M,MG,PT
141482,53,LEONARDO LEMOS BARROS QUINTÃO,LEONARDO QUINTÃO,Empresário,Em Exercício,M,MG,PMDB
74299,52,JOSÉ LEÔNIDAS DE MENEZES CRISTINO,LEÔNIDAS CRISTINO,Engenheiro Civil.,Vacância,M,CE,PPS
160663,55,LEOPOLDO COSTA MEYER,LEOPOLDO MEYER,Engenheiro Civil,Em Exercício,M,PR,PSB
74585,53,LINCOLN DINIZ PORTELA,LINCOLN PORTELA,Radialista e Comunicador.,Em Exercício,M,MG,PR
141483,53,LINDOMAR BARBOSA ALVES,LINDOMAR GARÇON,Comerciante,Em Exercício,M,RO,PV
74277,53,ANTONIO ADOLPHO LOBBE NETO,LOBBE NETO,BIOMEDICO,Em Exercício,M,SP,PSDB
196358,55,LOURIVAL GOMES DE ALMEIDA,LOURIVAL GOMES,-,Suplência,M,RJ,PODE
81366,55,LUANA MARIA DA SILVA COSTA,LUANA COSTA,-,Em Exercício,F,MA,PSB
178879,55,LUCAS DE CASTRO SANTOS,LUCAS VERGILIO,"Administrador de Empresas,Corretor de Seguros",Em Exercício,M,GO,SD
160628,55,LUCIANA BARBOSA DE OLIVEIRA SANTOS,LUCIANA SANTOS,Engenheiro Elétrico,Em Exercício,F,PE,PCdoB
178931,55,LUCIANO DUCCI,LUCIANO DUCCI,Médico(a),Em Exercício,M,PR,PSB
178954,55,LUCIO ANTONIO MOSQUINI,LUCIO MOSQUINI,Engenheiro Eletricista,Em Exercício,M,RO,PMDB
141484,55,LÚCIO DUTRA VALE,LÚCIO VALE,ADMINISTRADOR DE EMPRESAS,Em Exercício,M,PA,PR
94931,54,LÚCIO QUADROS VIEIRA LIMA,LUCIO VIEIRA LIMA,"Cacauicultor, Engenheiro Agrônomo, Pecuarista",Em Exercício,M,BA,PMDB
73483,53,LUIS CARLOS HEINZE,LUIS CARLOS HEINZE,Engenheiro Agrônomo e Produtor Rural,Em Exercício,M,RS,PP
160510,54,LUIS HENRIQUE DE OLIVEIRA RESENDE,LUIS TIBÉ,-,Em Exercício,M,MG,PTdoB
141485,53,LUIZ CARLOS GHIORZZI BUSATO,LUIZ CARLOS BUSATO,"ARQUITETO, CORRETOR DE IMÓVEIS",Em Exercício,M,RS,PTB
73778,55,LUIZ CARLOS JORGE HAULY,LUIZ CARLOS HAULY,Economista e Professor,Em Exercício,M,PR,PSDB
178802,55,LUIZ CARLOS RAMOS,LUIZ CARLOS RAMOS ,-,Em Exercício,M,RJ,PODE
178955,55,LUIZ CLAUDIO PEREIRA ALVES,LUIZ CLÁUDIO,"Professor(a),Técnico Agrícola",Em Exercício,M,RO,PR
74041,55,LUIZ ALBUQUERQUE COUTO,LUIZ COUTO,Professor Adjunto,Em Exercício,M,PB,PT
141487,53,LUIZ FERNANDO RAMOS FARIA,LUIZ FERNANDO FARIA,"ENGENHEIRO MECÂNICO, AGROPECUARISTA, EMPRESÁRIO - ADMINISTRAÇÃO",Em Exercício,M,MG,PP
178982,55,LUIZ LAURO FERREIRA FILHO,LUIZ LAURO FILHO,Publicitário,Em Exercício,M,SP,PSB
162332,54,LUIZ HILOSHI NISHIMORI,LUIZ NISHIMORI,-,Em Exercício,M,PR,PR
74688,55,LUIZ SÉRGIO NÓBREGA DE OLIVEIRA,LUIZ SÉRGIO,Delineador Naval,Em Exercício,M,RJ,PT
74784,55,LUIZA ERUNDINA DE SOUSA,LUIZA ERUNDINA,Assistente Social,Em Exercício,F,SP,PSOL
178866,55,LUIZIANNE DE OLIVEIRA LINS,LUIZIANNE LINS,Professora Universitária,Em Exercício,F,CE,PT
198198,55,LUZIA MARIA FERREIRA,LUZIA FERREIRA,-,Em Exercício,F,MG,PPS
178867,55,JOSE MARIA MACEDO JUNIOR,MACEDO,Empresário,Em Exercício,M,CE,PP
166402,54,MAGDA MOFATTO HON,MAGDA MOFATTO,-,Em Exercício,F,GO,PR
151965,55,JOSÉ DE ANDRADE MAIA FILHO,MAIA FILHO,-,Em Exercício,M,PI,PP
178826,55,SERGIO OLIMPIO GOMES,MAJOR OLIMPIO,-,Em Exercício,M,SP,SD
160633,54,LUIZ HENRIQUE MANDETTA,MANDETTA,Médico,Em Exercício,M,MS,DEM
160565,54,MARA CRISTINA GABRILLI,MARA GABRILLI,"Psicóloga, Publicitária",Em Exercício,F,SP,PSDB
160660,54,MARCELO THEODORO DE AGUIAR,MARCELO AGUIAR,Músico,Em Exercício,M,SP,DEM
179000,55,MARCELO HENRIQUE TEIXEIRA DIAS,MARCELO ÁLVARO ANTÔNIO,Empresário,Em Exercício,M,MG,PR
146788,55,MARCELO GUILHERME DE ARO FERREIRA,MARCELO ARO,Jornalista,Em Exercício,M,MG,PHS
74460,53,MARCELO COSTA E CASTRO,MARCELO CASTRO,Médico - Mestrado em Psiquiatria,Em Exercício,M,PI,PMDB
195826,55,MARCELO JANDRE DELAROLI,MARCELO DELAROLI,-,Em Exercício,M,RJ,PR
76287,54,MARCELO VIVIANI GONÇALVES,MARCELO MATOS,Empresário,Em Exercício,M,RJ,PDT
118594,55,MARCELO SQUASSONI,MARCELO SQUASSONI,Bacharel em Direito,Em Exercício,M,SP,PRB
178983,55,MARCIO LUIZ ALVINO DE SOUZA,MARCIO ALVINO,Administrador,Em Exercício,M,SP,PR
179001,55,MARCIO DELLA VALLE BIOLCHI,MÁRCIO BIOLCHI,-,Licenciado,M,RS,PMDB
150418,53,MÁRCIO CARLOS MARINHO,MÁRCIO MARINHO,Radialista,Em Exercício,M,BA,PRB
178942,55,MARCO ANTONIO NEVES CABRAL,MARCO ANTÔNIO CABRAL,-,Em Exercício,M,RJ,PMDB
133373,53,MARCO AURÉLIO SPALL MAIA,MARCO MAIA,Industriário (Metalúrgico),Em Exercício,M,RS,PT
160536,54,MARCO ANTONIO TEBALDI,MARCO TEBALDI,"Engenheiro, Funcionário Público",Em Exercício,M,SC,PSDB
160535,54,DIONILSO MATEUS MARCON,MARCON,Agricultor,Em Exercício,M,RS,PT
178880,55,MARCOS ABRAO RORIZ SOARES DE CARVALHO,MARCOS ABRÃO,"Economista,Empresário na Área Pecuarista",Em Exercício,M,GO,PPS
74634,53,MARCOS ANTONIO MEDRADO,MARCOS MEDRADO,Administrador de Empresa e Radialista,Em Exercício,M,BA,PDT
141500,55,MARCOS MONTES CORDEIRO,MARCOS MONTES,"MÉDICO, PROFESSOR DE MEDICINA, MÉDICO DO TRABALHO",Em Exercício,M,MG,PSD
178852,55,MARCOS JOSE REATEGUI SOUZA,MARCOS REATEGUI,-,Em Exercício,M,AP,PSD
167722,54,MARCOS ROGÉRIO DA SILVA BRITO,MARCOS ROGÉRIO,-,Em Exercício,M,RO,PDT
178943,55,MARCOS BEZERRA RIBEIRO SOARES,MARCOS SOARES,Advogado(a),Em Exercício,M,RJ,DEM
159238,54,MARCUS VINÍCIUS CAETANO PESTANA DA SILVA,MARCUS PESTANA,"Economista, Professor Universitário",Em Exercício,M,MG,PSDB
74235,55,MARCUS ANTÔNIO VICENTE,MARCUS VICENTE,Advogado,Em Exercício,M,ES,PP
171619,54,MARIA MARGARIDA MARTINS SALOMÃO,MARGARIDA SALOMÃO,-,Em Exercício,F,MG,PT
74398,55,MARIA DO ROSÁRIO NUNES,MARIA DO ROSÁRIO,Professora,Em Exercício,F,RS,PT
64960,53,MARIA HELENA VERONESE RODRIGUES,MARIA HELENA,Advogada,Em Exercício,F,RR,PSB
178956,55,MARIANA FONSECA RIBEIRO CARVALHO DE MORAES,MARIANA CARVALHO,"Bacharela em Direito,Médica",Em Exercício,F,RO,PSDB
178919,55,MARINALDO ROSENDO DE ALBUQUERQUE,MARINALDO ROSENDO,Empresário,Em Exercício,M,PE,PSB
74177,53,MARINHA CÉLIA ROCHA RAUPP DE MATOS,MARINHA RAUPP,"Psicóloga, Técnica em Assuntos Educacionais, Professora e Servidora Pública",Em Exercício,F,RO,PMDB
74158,54,MÁRIO LÚCIO HERINGER,MÁRIO HERINGER,MEDICO,Suplência,M,MG,PDT
178858,55,MARIO SILVIO MENDES NEGROMONTE JUNIOR,MÁRIO NEGROMONTE JR.,Bacharel em Direito,Em Exercício,M,BA,PP
74749,53,MAURO RIBEIRO LOPES,MAURO LOPES,Empresário e Bacharel em Direito,Em Exercício,M,MG,PMDB
141507,55,MAURO MARIANI,MAURO MARIANI,Diretor de Empresas,Em Exercício,M,SC,PMDB
124411,55,MAURO PEREIRA,MAURO PEREIRA,-,Em Exercício,M,RS,PMDB
74428,54,JOSÉ MENDONÇA BEZERRA FILHO,MENDONÇA FILHO,Administrador de Empresas,Em Exercício,M,PE,DEM
178984,55,MIGUEL MOUBADDA HADDAD,MIGUEL HADDAD,Advogado(a),Em Exercício,M,SP,PSDB
178985,55,MIGUEL LOMBARDI,MIGUEL LOMBARDI,Corretor de Imóveis,Em Exercício,M,SP,PR
74787,55,MILTON ANTONIO CASQUEL MONTI,MILTON MONTI,Economista,Em Exercício,M,SP,PR
74862,53,MIRO TEIXEIRA,MIRO TEIXEIRA,Advogado,Em Exercício,M,RJ,PDT
178895,55,MISAEL ARTUR FERREIRA VARELLA,MISAEL VARELLA,Empresário,Em Exercício,M,MG,DEM
160561,54,JOSÉ OLIMPIO SILVEIRA MORAES,MISSIONÁRIO JOSÉ OLIMPIO,Comerciante,Em Exercício,M,SP,PP
178859,55,MOEMA ISABEL PASSOS GRAMACHO,MOEMA GRAMACHO,-,Vacância,F,BA,PT
195278,55,MOISES DINIZ LIMA,MOISÉS DINIZ,-,Em Exercício,M,AC,PCdoB
178997,55,MOSES HAENDEL MELO RODRIGUES,MOSES RODRIGUES,"Administrador,Professor de Geografia,Professor de História",Em Exercício,M,CE,PMDB
160567,52,NELSON MARCHEZAN JÚNIOR,NELSON MARCHEZAN JÚNIOR,Advogado,Vacância,M,RS,PSDB
73553,55,NELSON MARQUEZELLI,NELSON MARQUEZELLI,Empresário,Em Exercício,M,SP,PTB
73781,55,NELSON MEURER,NELSON MEURER,Agropecuarista,Em Exercício,M,PR,PP
193069,55,NELSON NAHIM MATHEUS DE OLIVEIRA,NELSON NAHIM ,-,Suplência,M,RJ,PSD
160566,55,NELSON PADOVANI,NELSON PADOVANI,Empresário,Em Exercício,M,PR,PSDB
74571,53,NELSON VICENTE PORTELA PELLEGRINO,NELSON PELLEGRINO,Advogado,Em Exercício,M,BA,PT
178896,55,NEWTON CARDOSO JUNIOR,NEWTON CARDOSO JR,-,Em Exercício,M,MG,PMDB
166401,54,NILSON APARECIDO LEITÃO,NILSON LEITÃO,-,Em Exercício,M,MT,PSDB
74352,53,NILSON PINTO DE OLIVEIRA,NILSON PINTO,Professor,Em Exercício,M,PA,PSDB
178986,55,NILTO IGNACIO TATTO,NILTO TATTO,Coordenador de Projetos,Em Exercício,M,SP,PT
74359,52,NILTON BALBINO,NILTON CAPIXABA,Empresário,Em Exercício,M,RO,PTB
194260,55,NIVALDO FERREIRA DE ALBUQUERQUE NETO,NIVALDO ALBUQUERQUE,-,Em Exercício,M,AL,PRP
66179,55,NORMA AYUB ALVES,NORMA AYUB,-,Em Exercício,F,ES,DEM
178868,55,LUIZ ODORICO MONTEIRO DE ANDRADE,ODORICO MONTEIRO,Médico(a),Em Exercício,M,CE,PSB
74399,53,ONYX DORNELLES LORENZONI,ONYX LORENZONI,VETERINARIO,Em Exercício,M,RS,DEM
178987,55,ORLANDO SILVA DE JESUS JUNIOR,ORLANDO SILVA,-,Em Exercício,M,SP,PCdoB
180545,55,OSMAR STUART BERTOLDI,OSMAR BERTOLDI,-,Em Exercício,M,PR,DEM
73463,55,OSMAR JOSÉ SERRAGLIO,OSMAR SERRAGLIO,Advogado,Em Exercício,M,PR,PMDB
141515,55,OTAVIO SANTOS SILVA LEITE,OTAVIO LEITE,Advogado e Professor de Direito,Em Exercício,M,RJ,PSDB
160556,54,JOÃO CARLOS SIQUEIRA,PADRE JOÃO,Sacerdote Católico,Em Exercício,M,MG,PT
74319,53,JOSÉ FRANCISCO PAES LANDIM,PAES LANDIM,Professor e Advogado,Em Exercício,M,PI,PTB
160642,54,FRANCISCO EURICO DA SILVA,PASTOR EURICO,"Comerciário, Comunicador de Rádio",Em Exercício,M,PE,PSB
193982,55,LUCIANO FRED BRAGA PENHA,PASTOR LUCIANO BRAGA,-,Em Exercício,M,BA,PRB
74160,55,PATRUS ANANIAS DE SOUSA,PATRUS ANANIAS,PROFESSOR DE ENSINO SUPERIOR,Em Exercício,M,MG,PT
74095,55,PAUDERNEY TOMAZ AVELINO,PAUDERNEY AVELINO,"Engenheiro Civil, Professor",Em Exercício,M,AM,DEM
171617,55,PAULO FERNANDO DOS SANTOS,PAULÃO,-,Em Exercício,M,AL,PT
141516,53,PAULO ABI-ACKEL,PAULO ABI-ACKEL,ADVOGADO,Em Exercício,M,MG,PSDB
178860,55,PAULO VELLOSO DANTAS AZI,PAULO AZI,"Administrador de Empresas,Engenheiro Civil",Em Exercício,M,BA,DEM
74017,55,PAULO FERNANDO FEIJO TORRES,PAULO FEIJÓ,Engenheiro Mecânico,Em Exercício,M,RJ,PR
160517,54,PAULO ROBERTO FOLETTO,PAULO FOLETTO,Médico,Em Exercício,M,ES,PSB
160558,54,PAULO ROBERTO FREIRE DA COSTA,PAULO FREIRE,Ministro do Evangelho,Em Exercício,M,SP,PR
141517,55,PAULO HENRIQUE ELLERY LUSTOSA DA COSTA,PAULO HENRIQUE LUSTOSA,Administrador e Consultor,Em Exercício,M,CE,PP
74574,53,PAULO SÉRGIO PARANHOS DE MAGALHÃES,PAULO MAGALHÃES,Administrador de Empresas,Em Exercício,M,BA,DEM
132056,55,PAULO SALIM MALUF,PAULO MALUF,"ENGENHEIRO CIVIL, INDUSTRIAL",Em Exercício,M,SP,PP
193726,55,PAULO EDUARDO LIMA MARTINS,PAULO MARTINS,-,Suplência,M,PR,PSDB
141518,55,PAULO PEREIRA DA SILVA,PAULO PEREIRA DA SILVA,"SINDICALISTA, CONTROLADOR DE QUALIDADE, METALÚRGICO",Em Exercício,M,SP,SD
74400,53,PAULO ROBERTO SEVERO PIMENTA,PAULO PIMENTA,Técnico Agrícola e Jornalista,Em Exercício,M,RS,PT
141488,53,LUIZ PAULO TEIXEIRA FERREIRA,PAULO TEIXEIRA,Advogado,Em Exercício,M,SP,PT
74812,53,PEDRO PINHEIRO CHAVES,PEDRO CHAVES,Engenheiro Civil,Em Exercício,M,GO,PMDB
178912,55,PEDRO OLIVEIRA CUNHA LIMA,PEDRO CUNHA LIMA,Advogado(a),Em Exercício,M,PB,PSDB
74449,53,PEDRO FERNANDES RIBEIRO,PEDRO FERNANDES,Engenheiro Civil e Bancário,Em Exercício,M,MA,PTB
122158,55,PEDRO PAULO CARVALHO TEIXEIRA,PEDRO PAULO,Economista,Em Exercício,M,RJ,PMDB
160604,54,PEDRO FRANCISCO UCZAI,PEDRO UCZAI,Professor Universitário,Em Exercício,M,SC,PT
178844,55,PEDRO TORRES BRANDÃO VILELA,PEDRO VILELA,-,Em Exercício,M,AL,PSDB
141445,53,GILBERTO JOSÉ SPIER VARGAS,PEPE VARGAS,Médico,Em Exercício,M,RS,PT
195997,55,POLLYANA FATIMA GAMA SANTOS,POLLYANA GAMA,-,Em Exercício,F,SP,PPS
73486,53,DARCI POMPEO DE MATTOS,POMPEO DE MATTOS,Advogado e Bancário,Em Exercício,M,RS,PDT
160601,55,MARCO ANTÔNIO FELICIANO,PR. MARCO FELICIANO,"Conferencista, Empresário, Pastor Evangélico",Em Exercício,M,SP,PSC
148134,54,VICTORIO GALLI FILHO,PROFESSOR VICTÓRIO GALLI,-,Suplência,M,MT,PMDB
160639,54,MARIA AUXILIADORA SEABRA REZENDE,PROFESSORA DORINHA SEABRA REZENDE,Professora Universitária,Em Exercício,F,TO,DEM
160641,55,MARCIVANIA DO SOCORRO DA ROCHA FLEXA,PROFESSORA MARCIVANIA,"Professor de Português, Servidor Público Estadual",Em Exercício,F,AP,PCdoB
178951,55,RAFAEL HUETE DA MOTTA,RAFAEL MOTTA,Engenheiro,Em Exercício,M,RN,PSB
74216,55,RAIMUNDO GOMES DE MATOS,RAIMUNDO GOMES DE MATOS,Médico,Em Exercício,M,CE,PSDB
178998,55,TANIA RAQUEL DE QUEIROZ MUNIZ,RAQUEL MUNIZ,Médica,Em Exercício,F,MG,PSD
74161,55,REGINALDO LÁZARO DE OLIVEIRA LOPES,REGINALDO LOPES,ECONOMISTA,Em Exercício,M,MG,PT
73786,55,REINHOLD STEPHANES,REINHOLD STEPHANES,Economista,Em Exercício,M,PR,PSD
178960,55,REMIDIO MONAI MONTESSI,REMÍDIO MONAI,-,Em Exercício,M,RR,PR
178989,55,RENATA HELLMEISTER DE ABREU,RENATA ABREU,Advogada,Em Exercício,F,SP,PODE
171620,54,RENATO BARBOSA DE ANDRADE,RENATO ANDRADE,-,Suplência,M,MG,PP
141527,53,RENATO DELMAR MOLLING,RENATO MOLLING,"Administrador, Assessor Político, Industriário, Professor e Auxiliar de Escritório",Em Exercício,M,RS,PP
160654,54,RENZO DO AMARAL BRAZ,RENZO BRAZ,Administrador de Empresas,Em Exercício,M,MG,PP
195581,55,RICARDO ANTONIO BUAINAIN DIAS,RICARDO BENTINHO,-,Suplência,M,SP,PRB
160655,54,RICARDO IZAR JUNIOR,RICARDO IZAR,"Economista, Empresário",Em Exercício,M,SP,PSD
178920,55,RICARDO TEOBALDO CAVALCANTI,RICARDO TEOBALDO ,-,Em Exercício,M,PE,PODE
141472,55,JOSÉ RICARDO ALVARENGA TRIPOLI,RICARDO TRIPOLI,ADVOGADO.,Em Exercício,M,SP,PSDB
152610,55,BENEDITO ROBERTO ALVES FERREIRA,ROBERTO ALVES,-,Em Exercício,M,SP,PRB
73674,53,ROBERTO EGÍDIO BALESTRA,ROBERTO BALESTRA,"Agropecuarista, Técnico em Laticínios, Comerciante, Industrial e Advogado",Em Exercício,M,GO,PP
141529,53,ROBERTO PEREIRA DE BRITTO,ROBERTO BRITTO,PROFESSOR UNIVERSITÁRIO,Em Exercício,M,BA,PP
160653,54,ROBERTO ALVES DE LUCENA,ROBERTO DE LUCENA,"Conferencista, Escritor, Pastor Evangélico",Licenciado,M,SP,PV
73805,55,ROBERTO JOÃO PEREIRA FREIRE,ROBERTO FREIRE,Advogado,Em Exercício,M,SP,PPS
178995,55,ANTONIO ROBERTO RODRIGUES GÓES DA SILVA,ROBERTO GÓES,Administrador,Em Exercício,M,AP,PDT
178944,55,ROBERTO DA SILVA SALES,ROBERTO SALES,"Administrador,Corretor de Imóveis",Em Exercício,M,RJ,PRB
91208,55,ROBINSON SANTOS ALMEIDA,ROBINSON ALMEIDA,-,Suplência,M,BA,PT
178840,55,WHERLES FERNANDES DA ROCHA,ROCHA,"Bacharel  em Direito,Jornalista,Oficial da Polícia Militar",Em Exercício,M,AC,PSDB
141532,55,RODRIGO SANTOS DA ROCHA LOURES,ROCHA LOURES,ADMINISTRADOR,Suplência,M,PR,PMDB
141531,53,RODRIGO BATISTA DE CASTRO,RODRIGO DE CASTRO,Advogado e Administrador de Empresas,Em Exercício,M,MG,PSDB
74693,53,RODRIGO FELINTO IBARRA EPITÁCIO MAIA,RODRIGO MAIA,Bancário,Em Exercício,M,RJ,DEM
178926,55,RODRIGO RODRIGUES DE SOUZA MARTINS,RODRIGO MARTINS,Cirurgião-Dentista,Em Exercício,M,PI,PSB
178897,55,RODRIGO OTAVIO SOARES PACHECO,RODRIGO PACHECO,Advogado(a),Em Exercício,M,MG,PMDB
141535,53,ROGÉRIO SIMONETTI MARINHO,ROGÉRIO MARINHO,-,Em Exercício,M,RN,PSDB
160651,54,ROGÉRIO MENDONÇA,ROGÉRIO PENINHA MENDONÇA,Engenheiro Agrônomo,Em Exercício,M,SC,PMDB
160426,55,ROGÉRIO SCHUMANN ROSSO,ROGÉRIO ROSSO,"Músico, Advogado",Em Exercício,M,DF,PSD
198963,55,ROGÉRIO SILVA SANTOS,ROGÉRIO SILVA,-,Em Exercício,M,MT,PMDB
141536,53,RÔMULO JOSÉ DE GOUVEIA,RÔMULO GOUVEIA,Servidor Público,Vacância,M,PB,PSDB
160515,54,RONALDO JOSÉ BENEDET,RONALDO BENEDET,Advogado,Em Exercício,M,SC,PMDB
178861,55,RONALDO CARLETTO,RONALDO CARLETTO,Empresário de Transporte,Em Exercício,M,BA,PP
160637,55,RONALDO FONSECA DE SOUZA,RONALDO FONSECA,Advogado,Em Exercício,M,DF,PROS
178845,55,RONALDO AUGUSTO LESSA SANTOS,RONALDO LESSA,Engenheiro Civil,Em Exercício,M,AL,PDT
122466,55,RONALDO MANCHADO MARTINS,RONALDO MARTINS,"Músico,Radialista",Em Exercício,M,CE,PRB
178870,55,RÔNEY TANIOS NEMER,RÔNEY NEMER,Servidor Público Estadual,Em Exercício,M,DF,PP
178945,55,ROSANGELA DE SOUZA GOMES,ROSANGELA GOMES,Bacharela em Direito,Em Exercício,F,RJ,PRB
146949,54,ROSEANE CAVALCANTE DE FREITAS ESTRELA,ROSINHA DA ADEFAL,Funcionário Público Federal,Vacância,F,AL,PTdoB
73466,55,RUBENS BUENO,RUBENS BUENO,Professor,Em Exercício,M,PR,PPS
74371,53,RUBENS OTONI GOMIDE,RUBENS OTONI,"Professor Universitário, Consultor Jurídico e Consultor de Empresas.",Em Exercício,M,GO,PT
178887,55,RUBENS PEREIRA E SILVA JUNIOR,RUBENS PEREIRA JÚNIOR,Advogado(a),Em Exercício,M,MA,PCdoB
141522,55,RAIMUNDO SABINO CASTELO BRANCO MAUÉS,SABINO CASTELO BRANCO,"EMPRESÁRIO, APRESENTADOR DE TELEVISÃO",Em Exercício,M,AM,PTB
160630,55,SÁGUAS MORAES SOUSA,SÁGUAS MORAES,Médico,Em Exercício,M,MT,PT
160621,54,SANDRO ALEX CRUZ DE OLIVEIRA,SANDRO ALEX,Advogado,Em Exercício,M,PR,PPS
74762,55,JOSÉ SARAIVA FELIPE,SARAIVA FELIPE,Professor Universitário e Médico,Em Exercício,M,MG,PMDB
73808,55,SÉRGIO LUÍS LACERDA BRITO,SÉRGIO BRITO,"ADMINISTRADOR DE EMPRESAS, BACHAREL EM DIREITO",Em Exercício,M,BA,PSD
141542,55,SÉRGIO IVAN MORAES,SÉRGIO MORAES,COMERCIANTE,Em Exercício,M,RS,PTB
178991,55,SERGIO BAVINI,SÉRGIO REIS,Cantor,Em Exercício,M,SP,PRB
178933,55,SERGIO DE SOUZA,SERGIO SOUZA ,Advogado(a),Em Exercício,M,PR,PMDB
178874,55,ANTONIO SERGIO ALVES VIDIGAL,SERGIO VIDIGAL,-,Em Exercício,M,ES,PDT
160612,54,SERGIO ZVEITER,SERGIO ZVEITER,Advogado,Em Exercício,M,RJ,PSD
167614,54,SEVERINO DE SOUZA SILVA,SEVERINO NINHO,-,Em Exercício,M,PE,PSB
178961,55,SHÉRIDAN ESTÉRFANY OLIVEIRA DE ANCHIETA,SHÉRIDAN,Psicóloga,Em Exercício,F,RR,PSDB
74356,53,SILAS CÂMARA,SILAS CÂMARA,Empresário,Em Exercício,M,AM,PSC
187008,55,SILAS FREIRE PEREIRA E SILVA,SILAS FREIRE,-,Em Exercício,M,PI,PODE
4930,53,SÍLVIO SERAFIM COSTA,SILVIO COSTA,-,Em Exercício,M,PE,PTB
73560,53,SILVIO FRANÇA TORRES,SILVIO TORRES,JORNALISTA E EMPRESÁRIO,Licenciado,M,SP,PSDB
73424,53,SIMÃO SESSIM,SIMÃO SESSIM,Professor e Advogado,Em Exercício,M,RJ,PP
178911,55,SIMONE MARIA MORGADO FERREIRA,SIMONE MORGADO,-,Em Exercício,F,PA,PMDB
178946,55,SORAYA ALENCAR DOS SANTOS,SORAYA SANTOS,-,Em Exercício,F,RJ,PMDB
178947,55,SOSTENES SILVA CAVALCANTE,SÓSTENES CAVALCANTE,Teólogo,Em Exercício,M,RJ,DEM
92776,54,STEFANO AGUIAR DOS SANTOS,STEFANO AGUIAR,Administrador e Ministro do Evangelho,Em Exercício,M,MG,PSB
177282,54,LUIZ GONZAGA RIBEIRO,SUBTENENTE GONZAGA,-,Vacância,M,MG,PDT
178922,55,FRANCISCO TADEU BARBOSA DE ALENCAR,TADEU ALENCAR,Procurador,Em Exercício,M,PE,PSB
74385,53,HIDEKAZU TAKAYAMA,TAKAYAMA,"Professor, Empresário e Ministro Evangélico",Em Exercício,M,PR,PSC
178898,55,SERGIO LUCIO DE ALMEIDA,TENENTE LÚCIO,-,Em Exercício,M,MG,PSB
178901,55,TEREZA CRISTINA CORREA DA COSTA DIAS,TEREZA CRISTINA,-,Em Exercício,F,MS,PSB
160617,54,THIAGO MELLO PEIXOTO DA SILVEIRA,THIAGO PEIXOTO,Economista,Em Exercício,M,GO,PSD
178862,55,ERONILDES VASCONCELOS CARVALHO,TIA ERON,-,Licenciado,F,BA,PRB
160976,55,FRANCISCO EVERARDO OLIVEIRA SILVA,TIRIRICA,Ator,Em Exercício,M,SP,PR
160611,54,ANTÔNIO PINHEIRO JÚNIOR,TONINHO PINHEIRO,Comerciante,Em Exercício,M,MG,PP
178934,55,ANTONIO WANDSCHEER,TONINHO WANDSCHEER,Engenheiro Civil,Em Exercício,M,PR,PROS
178863,55,ULDURICO ALENCAR PINTO,ULDURICO JUNIOR,Estudante Universitário,Em Exercício,M,BA,PV
195866,55,FRANCISCO VAIDON OLIVEIRA,VAIDON OLIVEIRA,-,Em Exercício,M,CE,DEM
141384,53,ANTÔNIO CARLOS VALADARES FILHO,VALADARES FILHO,ADMINISTRADOR DE EMPRESAS,Em Exercício,M,SE,PSB
74010,53,VALDIR COLATTO,VALDIR COLATTO,Engenheiro Agrônomo,Em Exercício,M,SC,PMDB
160610,54,VALMIR CARLOS DA ASSUNÇÃO,VALMIR ASSUNÇÃO,Agricultor,Em Exercício,M,BA,PT
113247,55,VALMIR PRASCIDELLI,VALMIR PRASCIDELLI,-,Em Exercício,M,SP,PT
141552,53,VALTENIR LUIZ PEREIRA,VALTENIR PEREIRA,Defensor Público e Professor Universitário,Em Exercício,M,MT,PSB
74376,55,VANDER LUIZ DOS SANTOS LOUBET,VANDER LOUBET,Bancário e Funcionário Público.,Em Exercício,M,MS,PT
141553,55,VANDERLEI MACRIS,VANDERLEI MACRIS,-,Em Exercício,M,SP,PSDB
178913,55,VENEZIANO VITAL DO RÊGO SEGUNDO NETO,VENEZIANO VITAL DO RÊGO,Advogado(a),Em Exercício,M,PB,PMDB
74308,55,VICENTE FERREIRA DE ARRUDA COELHO,VICENTE ARRUDA,"Advogado, Cientista Político e Jornalista",Licenciado,M,CE,PDT
160622,55,VICENTE CÂNDIDO DA SILVA,VICENTE CANDIDO,"Advogado, Comerciante",Em Exercício,M,SP,PT
74283,55,VICENTE PAULO DA SILVA,VICENTINHO,Bacharel em Direito e Metalúrgico.,Em Exercício,M,SP,PT
137070,55,VICENTE ALVES DE OLIVEIRA JUNIOR,VICENTINHO JÚNIOR,Empresário,Em Exercício,M,TO,PR
178888,55,CARLOS VICTOR GUTERRES MENDES,VICTOR MENDES,Advogado(a),Em Exercício,M,MA,PSD
141555,53,VINICIUS RAPOZO DE CARVALHO,VINICIUS CARVALHO,"ADMINISTRADOR DE EMPRESAS, ADVOGADO, RADIALISTA, JORNALISTA",Em Exercício,M,RJ,PTdoB
160591,54,VINICIUS DE AZEVEDO GURGEL,VINICIUS GURGEL,Contador,Em Exercício,M,AP,PR
178992,55,VITOR LIPPI,VITOR LIPPI,Médico(a),Em Exercício,M,SP,PSDB
178869,55,VITOR PEREIRA VALIM,VITOR VALIM,-,Em Exercício,M,CE,PMDB
189593,55,WADIH NEMER DAMOUS FILHO,WADIH DAMOUS,-,Em Exercício,M,RJ,PT
160569,55,WALDENOR ALVES PEREIRA FILHO,WALDENOR PEREIRA,Economista,Em Exercício,M,BA,PT
141558,53,WALDIR MARANHÃO CARDOSO,WALDIR MARANHÃO,Médico Veterinário,Em Exercício,M,MA,PP
160631,55,WALNEY DA ROCHA CARVALHO,WALNEY ROCHA,Servidor Público Estadual,Em Exercício,M,RJ,PEN
178952,55,WALTER PEREIRA ALVES,WALTER ALVES,Administrador,Em Exercício,M,RN,PMDB
141560,53,WALTER SHINDI IIHOSHI,WALTER IHOSHI,-,Em Exercício,M,SP,DEM
160518,55,WELITON FERNANDES PRADO,WELITON PRADO,Bacharel em Filosofia,Em Exercício,M,MG,PROS
74043,53,JOSÉ WELLINGTON ROBERTO,WELLINGTON ROBERTO,Não informada,Em Exercício,M,PB,PR
167493,54,WEVERTON ROCHA MARQUES DE SOUSA,WEVERTON ROCHA,-,Em Exercício,M,MA,PDT
193066,55,WILSON SILVA BESERRA,WILSON BESERRA,-,Em Exercício,M,RJ,PMDB
160636,54,JOSÉ WILSON SANTIAGO FILHO,WILSON FILHO,-,Em Exercício,M,PB,PTB
73930,53,WLADIMIR AFONSO DA COSTA RABELO,WLADIMIR COSTA,LOCUTOR E COMENTARISTA DE RADIO E TELEVISAO E RADIALISTA,Em Exercício,M,PA,PMDB
74439,55,WOLNEY QUEIROZ MACIEL,WOLNEY QUEIROZ,Empresário,Em Exercício,M,PE,PDT
73992,55,YEDA RORATO CRUSIUS,YEDA CRUSIUS,Economista e Professora,Em Exercício,F,RS,PSDB
191945,55,JOSÉ AUGUSTO NALIN,ZÉ AUGUSTO NALIN,-,Em Exercício,M,RJ,PMDB
178889,55,JOSÉ CARLOS NUNES JÚNIOR,ZÉ CARLOS,Engenheiro Civil,Em Exercício,M,MA,PT
73931,55,JOSÉ GERALDO TORRES DA SILVA,ZÉ GERALDO,Agricultor,Em Exercício,M,PA,PT
160632,55,JOSÉ SILVA SOARES,ZÉ SILVA,"Agricultor, Agrônomo, Extensionista Rural",Em Exercício,M,MG,SD
178923,55,JOSE CAVALCANTI ALVES JUNIOR,ZECA CAVALCANTI,-,Em Exercício,M,PE,PTB
160592,55,JOSÉ CARLOS BECKER DE OLIVEIRA E SILVA,ZECA DIRCEU,Empresário,Em Exercício,M,PR,PT
178902,55,JOSE ORCIRIO MIRANDA DOS SANTOS,ZECA DO PT,Bancário,Em Exercício,M,MS,PT
178949,55,ZENAIDE MAIA CALADO PEREIRA DOS SANTOS,ZENAIDE MAIA,Médica,Em Exercício,F,RN,PR
160551,54,ANDERSON FERREIRA RODRIGUES,ANDERSON FERREIRA,-,Em Exercício,M,PE,PR
141391,55,ARNALDO CALIL PEREIRA JARDIM,ARNALDO JARDIM,Engeheiro Civil e Professor,Licenciado,M,SP,PPS
74291,53,JOSÉ ARNON CRUZ BEZERRA DE MENEZES,ARNON BEZERRA,Médico,Em Exercício,M,CE,PTB
193165,55,ATILA ALEXANDRE NUNES PEREIRA,ÁTILA A. NUNES,-,Suplência,M,RJ,PMDB
74052,55,JOÃO BOSCO DA COSTA,BOSCO COSTA,Fazendeiro,Suplência,M,SE,PROS
141394,55,BRUNO CAVALCANTI DE ARAÚJO,BRUNO ARAÚJO,ADVOGADO,Licenciado,M,PE,PSDB
178924,55,FABIO ABREU COSTA,CAPITÃO FÁBIO ABREU,Policial Militar,Licenciado,M,PI,PTB
178939,55,CLARISSA BARROS ASSED MATHEUS DE OLIVEIRA,CLARISSA GAROTINHO,-,Licenciado,F,RJ,PRB
141412,53,DAVI ALVES SILVA JÚNIOR,DAVI ALVES SILVA JÚNIOR,-,Em Exercício,M,MA,PR
178940,55,JOAO FERREIRA NETO,DR. JOÃO,Médico(a),Vacância,M,RJ,PR
141385,55,ANTONIO DUARTE NOGUEIRA JÚNIOR,DUARTE NOGUEIRA,"Agricultor, Pecuarista e Engenheiro Agrônomo",Vacância,M,SP,PSDB
73447,55,EDSON EDINHO COELHO ARAÚJO,EDINHO ARAÚJO,"Advogado, Professor",Vacância,M,SP,PMDB
74173,55,EDUARDO COSENTINO DA CUNHA,EDUARDO CUNHA,ECONOMISTA,Vacância,M,RJ,PMDB
146829,55,FABIANO TAQUES HORTA,FABIANO HORTA,-,Vacância,M,RJ,PT
74037,53,MARIA DE FÁTIMA BEZERRA,FÁTIMA BEZERRA,Pedagoga.,Em Exercício,F,RN,PT
191923,55,FLAVIO RODRIGUES NOGUEIRA,FLAVIO NOGUEIRA,-,Suplência,M,PI,PDT
178979,55,ANTONIO FLORIANO PEREIRA PESARO,FLORIANO PESARO,Sociólogo,Licenciado,M,SP,PSDB
194592,55,ILDON MARQUES DE SOUZA,ILDON MARQUES,-,Suplência,M,MA,PSB
74445,52,JOÃO CASTELO RIBEIRO GONÇALVES,JOÃO CASTELO,Empresário e Advogado,Vacância,M,MA,PSDB
74141,55,JOSIAS GOMES DA SILVA,JOSIAS GOMES,Agrônomo,Em Exercício,M,BA,PT
74254,55,LEONARDO CARNEIRO MONTEIRO PICCIANI,LEONARDO PICCIANI,Agropecuarista e Bacharel de Direito.,Licenciado,M,RJ,PMDB
141490,55,MANOEL ALVES DA SILVA JUNIOR,MANOEL JUNIOR,Médico,Vacância,M,PB,PMDB
178932,55,MARCELO BELINATI MARTINS,MARCELO BELINATI,"Advogado(a),Médico(a)",Vacância,M,PR,PP
74470,53,MARCONDES IRAN BENEVIDES GADELHA,MARCONDES GADELHA,Médico,Em Exercício,M,PB,PSC
178850,55,MARCOS SERGIO ROTTA,MARCOS ROTTA,"Jornalista,Publicitário",Vacância,M,AM,PMDB
181315,55,MARCOS DA ROCHA MENDES,MARQUINHO MENDES,-,Vacância,M,RJ,PMDB
178843,55,MARX BELTRÃO LIMA SIQUEIRA,MARX BELTRÃO,-,Licenciado,M,AL,PMDB
74050,53,MAURÍCIO QUINTELLA MALTA LESSA,MAURÍCIO QUINTELLA LESSA,Servidor Público,Em Exercício,M,AL,PR
73588,55,CARLOS MAURO CABRAL BENEVIDES,MAURO BENEVIDES,"ADVOGADO, PROFESSOR, ADMINISTRADOR E-JORNALISTA",Suplência,M,CE,PMDB
178827,54,MAX FREITAS MAURO FILHO,MAX FILHO,-,Em Exercício,M,ES,PTB
188097,55,MERLONG SOLANO NOGUEIRA,MERLONG SOLANO,-,Licenciado,M,PI,PT
141509,55,MIGUEL CORRÊA DA SILVA JÚNIOR,MIGUEL CORRÊA,Professor e Comunicador,Licenciado,M,MG,PT
74457,52,MORONI BING TORGAN,MORONI TORGAN,Delegado de Polícia Federal,Em Exercício,M,CE,PFL
74751,55,NILMÁRIO DE MIRANDA,NILMÁRIO MIRANDA,-,Suplência,M,MG,PT
74159,53,ODAIR JOSÉ DA CUNHA,ODAIR CUNHA,ADVOGADO,Em Exercício,M,MG,PT
74752,55,ODELMO LEÃO CARNEIRO SOBRINHO,ODELMO LEÃO,Produtor Rural e Bancário,Vacância,M,MG,PP
73692,55,OSMAR GASPARINI TERRA,OSMAR TERRA,Médico,Licenciado,M,RS,PMDB
170673,54,SERGIO PAULO DE OLIVEIRA,PROFESSOR SÉRGIO DE OLIVEIRA,-,Em Exercício,M,PR,PSC
74048,53,RAUL BELENS JUNGMANN PINTO,RAUL JUNGMANN,OUTROS,Em Exercício,M,PE,PPS
178925,55,REJANE RIBEIRO SOUSA DIAS,REJANE DIAS,"Administradora de Empresas,Bacharela em Direito",Licenciado,F,PI,PT
73788,55,RICARDO JOSÉ MAGALHÃES BARROS,RICARDO BARROS,Engenheiro Civil e Empresário,Licenciado,M,PR,PP
160652,54,ROBERTO SÉRGIO RIBEIRO COUTINHO TEIXEIRA,ROBERTO TEIXEIRA,Odontólogo,Em Exercício,M,PE,PP
88950,54,RODRIGO GARCIA,RODRIGO GARCIA,-,Em Exercício,M,SP,DEM
163321,54,RONALDO NOGUEIRA DE OLIVEIRA,RONALDO NOGUEIRA,Administrador de Empresas,Suplência,M,RS,PTB
191684,55,ROSANGELA APARECIDA DA SILVA BARROS,ROSÂNGELA CURADO,-,Suplência,F,MA,PDT
178935,55,VALDIR LUIZ ROSSONI,ROSSONI,Empresário,Licenciado,M,PR,PSDB
178990,55,SAMUEL MOREIRA DA SILVA JUNIOR,SAMUEL MOREIRA,Engenheiro Civil,Licenciado,M,SP,PSDB
74372,55,JOÃO SANDES JÚNIOR,SANDES JÚNIOR, Radialista e Advogado,Suplência,M,GO,PP
74210,55,JOSÉ SARNEY FILHO,SARNEY FILHO,Advogado,Licenciado,M,MA,PV
178921,55,SEBASTIAO IGNACIO DE OLIVEIRA JUNIOR,SEBASTIÃO OLIVEIRA,-,Licenciado,M,PE,PR
160613,54,SEBASTIÃO SIBÁ MACHADO OLIVEIRA,SIBÁ MACHADO,Geográfo,Em Exercício,M,AC,PT
74765,55,SILAS BRASILEIRO,SILAS BRASILEIRO,Empresário e Produtor Rural,Suplência,M,MG,PMDB
73831,55,JOSÉ AUGUSTO DA SILVA CURVO,TAMPINHA,-,Suplência,M,MT,PSD
194340,55,AUDIVAL AMÉLIO DA SILVA NETO,VAL AMÉLIO,-,Suplência,M,AL,PRTB
137853,55,WADSON NATHANIEL RIBEIRO,WADSON RIBEIRO,-,Suplência,M,MG,PCdoB
160620,55,WASHINGTON REIS DE OLIVEIRA,WASHINGTON REIS,-,Vacância,M,RJ,PMDB
141563,53,WILLIAM BOSS WOO,WILLIAM WOO,"POLICIAL CIVIL, ENGENHEIRO MECÂNICO, BACHAREL EM DIREITO",Em Exercício,M,SP,PPS
141463,53,JOSÉ ABELARDO GUIMARÃES CAMARINHA,ABELARDO CAMARINHA,Advogado e Professor,Em Exercício,M,SP,PSB
73764,53,ABELARDO LUIZ LUPION MELLO,ABELARDO LUPION,Agropecuarista e Empresário,Em Exercício,M,PR,DEM
161907,54,ACELINO FREITAS,ACELINO POPÓ,-,Em Exercício,M,BA,PRB
160577,54,ADRIAN MUSSI RAMOS,ADRIAN,-,Em Exercício,M,RJ,PMDB
173269,54,AKIRA OTSUBO,AKIRA OTSUBO,-,Em Exercício,M,MS,PMDB
160579,54,ALEXANDRE RUBIO ROSO,ALEXANDRE ROSO,Médico,Em Exercício,M,RS,PSB
74830,53,ALEXANDRE JOSÉ DOS SANTOS,ALEXANDRE SANTOS,Empresário,Em Exercício,M,RJ,PMDB
141374,53,ALEXANDRE SILVEIRA DE OLIVEIRA,ALEXANDRE SILVEIRA,"COMERCIANTE, FUNCIONÁRIO PÚBLICO",Licenciado,M,MG,PPS
169712,54,ALEXANDRE DE MELO TOLEDO,ALEXANDRE TOLEDO,-,Em Exercício,M,AL,PSB
116663,54,ALFREDO HELIO SYRKIS,ALFREDO SIRKIS,Jornalista,Em Exercício,M,RJ,PSB
141375,53,ALINE LEMOS CORRÊA DE OLIVEIRA ANDRADE,ALINE CORRÊA,Empresária,Em Exercício,F,SP,PP
160626,54,JOSÉ ALMEIDA LIMA,ALMEIDA LIMA,"Advogado, Professor de Direito",Em Exercício,M,SE,PMDB
160603,54,AMAURI SANTOS TEIXEIRA,AMAURI TEIXEIRA,Auditor-fiscal,Em Exercício,M,BA,PT
174861,54,AMIR FRANCISCO LANDO,AMIR LANDO,-,Em Exercício,M,RO,PMDB
74377,53,ANDRÉ ZACHAROW,ANDRE ZACHAROW,"Advogado, Economista, Professor",Suplência,M,PR,PMDB
141379,53,ANDREIA ALMEIDA ZITO DOS SANTOS,ANDREIA ZITO,Bacharel em Direito,Em Exercício,F,RJ,PSDB
160638,54,JOSELI ÂNGELO AGNOLIN,ÂNGELO AGNOLIN,Empresário,Em Exercício,M,TO,PDT
141381,53,ANGELO CARLOS VANHONI,ANGELO VANHONI,BANCÁRIO,Em Exercício,M,PR,PT
73937,54,ANSELMO DE JESUS ABREU,ANSELMO DE JESUS,AGRICULTOR,Em Exercício,M,RO,PT
160539,54,ANTHONY WILLIAM GAROTINHO MATHEUS DE OLIVEIRA,ANTHONY GAROTINHO,Radialista,Em Exercício,M,RJ,PR
123756,54,ANTÔNIA LUCILÉIA CRUZ RAMOS CÂMARA,ANTÔNIA LÚCIA,Economista,Em Exercício,F,AC,PSC
141387,53,ANTÔNIO EUSTÁQUIO ANDRADE FERREIRA,ANTÔNIO ANDRADE,Engenheiro Civil e Produtor Rural,Em Exercício,M,MG,PMDB
74213,55,ANTONIO BALHMANN CARDOSO NUNES FILHO,ANTONIO BALHMANN,Engenheiro Mecânico,Licenciado,M,CE,PDT
160546,54,ARMANDO VERGÍLIO DOS SANTOS JÚNIOR,ARMANDO VERGÍLIO,Corretor de Seguros,Em Exercício,M,GO,SD
160678,54,ARTUR JOSÉ VIEIRA BRUNO,ARTUR BRUNO,Educador,Licenciado,M,CE,PT
160554,54,HERBSON JAIRO RIBEIRO BANTIM,BERINHO BANTIM,-,Em Exercício,M,RR,SD
109152,54,BERNARDO DE VASCONCELLOS MOREIRA,BERNARDO SANTANA DE VASCONCELLOS,Advogado,Licenciado,M,MG,PR
74321,53,CARLOS ALBERTO DE SOUSA ROSADO,BETINHO ROSADO,"Professor Universitário, Engenheiro Agrônomo e Economista",Em Exercício,M,RN,DEM
73478,53,LUIZ ROBERTO DE ALBUQUERQUE,BETO ALBUQUERQUE,Advogado,Licenciado,M,RS,PSB
74373,53,ANTONIO CARLOS BIFFI,ANTÔNIO CARLOS BIFFI,PROFESSOR DE ENSINO DE PRIMEIRO E SEGUNDO GRAUS,Em Exercício,M,MS,PT
141393,53,BRUNO CAMPELO RODRIGUES DE SOUZA,BRUNO RODRIGUES,Empresário,Em Exercício,M,PE,PSDB
141395,53,CAMILO COLA,CAMILO COLA,-,Em Exercício,M,ES,PMDB
141396,53,CÂNDIDO ELPÍDIO DE SOUZA VACCAREZZA,CÂNDIDO VACCAREZZA,Médico Ginecologista e Obstetra,Em Exercício,M,SP,PT
74290,53,CARLOS ALBERTO LERÉIA DA SILVA,CARLOS ALBERTO LERÉIA,Radialista,Em Exercício,M,GO,PSDB
160605,54,CARLOS MAGNO RAMOS,CARLOS MAGNO,Técnico em Agropecuária,Em Exercício,M,RO,PP
179381,54,CARLOS EDUARDO CARDOSO MARTINS,CARLOS MARTINS,-,Em Exercício,M,PA,PT
74379,53,CEZAR AUGUSTO CAROLLO SILVESTRI,CEZAR SILVESTRI,ENGENHEIRO,Licenciado,M,PR,PPS
160634,54,FRANCISCO VIEIRA SAMPAIO,CHICO DAS VERDURAS,"Carpinteiro, Empresário, Motorista",Em Exercício,M,RR,PRP
160557,54,CLAUDIO ALBERTO CASTELO BRANCO PUTY,CLÁUDIO PUTY,"Economista, Eletricitário, Professor Universitário",Em Exercício,M,PA,PT
141502,53,MARIA DALVA DE SOUZA FIGUEIREDO,DALVA FIGUEIREDO,Servidora Pública Federal,Em Exercício,F,AP,PT
73924,53,DAVID SAMUEL ALCOLUMBRE TOBELEM,DAVI ALCOLUMBRE,COMERCIANTE,Em Exercício,M,AP,DEM
160606,54,PROTÓGENES PINHEIRO DE QUEIROZ,DELEGADO PROTÓGENES,Delegado de Polícia Federal,Em Exercício,M,SP,PCdoB
174854,54,DENÍLSON FRANCISCO TEIXEIRA,DENILSON TEIXEIRA,-,Em Exercício,M,MG,PV
74264,53,DEVANIR RIBEIRO,DEVANIR RIBEIRO,APOSENTADO (EXCETO SERVIDOR PUBLICO),Em Exercício,M,SP,PT
74197,53,DOMINGOS FRANCISCO DUTRA FILHO,DOMINGOS DUTRA,ADVOGADO,Em Exercício,M,MA,PT
141371,53,ADILSON SOARES,DR. ADILSON SOARES,ADVOGADO,Em Exercício,M,RJ,PR
118384,54,CARLOS ALBERTO LOPES,DR. CARLOS ALBERTO,-,Em Exercício,M,RJ,PMN
160514,54,RODRIGO MOREIRA LADEIRA GRILO,DR. GRILO,Advogado,Em Exercício,M,MG,SD
74094,54,LUIZ FERNANDO SARMENTO NICOLAU,DR. LUIZ FERNANDO,-,Em Exercício,M,AM,PSD
147975,53,PAULO CÉSAR DA GUIA ALMEIDA,DR. PAULO CÉSAR,Médico,Em Exercício,M,RJ,PR
73459,53,FLORISVALDO FIER,DR. ROSINHA,Médico e Servidor Público,Em Exercício,M,PR,PT
141498,53,MARCO AURÉLIO UBIALI,DR. UBIALI,-,Em Exercício,M,SP,PSB
166727,54,ELAINE APARECIDA BELLONI ABISSAMRA,DRA. ELAINE ABISSAMRA,-,Em Exercício,F,SP,PSB
161904,54,JOÃO DUDIMAR DE AZEVEDO PAXIÚBA,DUDIMAR PAXIUBA,-,Em Exercício,M,PA,PROS
74838,53,EDSON EZEQUIEL DE MATOS,EDSON EZEQUIEL,Engenheiro e Professor  Universitário,Em Exercício,M,RJ,PMDB
160618,54,EDSON SAMPAIO PIMENTA,EDSON PIMENTA,Agricultor,Em Exercício,M,BA,PSD
141419,53,EDSON SANTOS DE SOUZA,EDSON SANTOS,-,Em Exercício,M,RJ,PT
74106,54,EDSON SILVA,EDSON SILVA,"Bancário, Jornalista, Radialista",Em Exercício,M,CE,PROS
73945,53,CARLOS EDUARDO TORRES GOMES,EDUARDO GOMES,SERVIDOR PUBLICO ESTADUAL,Em Exercício,M,TO,PSDB
74382,53,EDUARDO FRANCISCO SCIARRA,EDUARDO SCIARRA,ENGENHEIRO,Em Exercício,M,PR,DEM
154919,53,ELEUSES VIEIRA DE PAIVA,ELEUSES PAIVA,-,Em Exercício,M,SP,DEM
141423,53,ELIENE JOSÉ DE LIMA,ELIENE LIMA,Engenheiro Civil e Professor,Licenciado,M,MT,PP
73892,53,ELISEU LEMOS PADILHA,ELISEU PADILHA,ADVOGADO,Em Exercício,M,RS,PMDB
74119,53,EMANUEL FERNANDES,EMANUEL FERNANDES,Engenheiro Aeronáutico,Licenciado,M,SP,PSDB
154997,53,EMILIANO JOSÉ DA SILVA FILHO,EMILIANO JOSÉ,-,Suplência,M,BA,PT
73893,53,ENIO EGON BERGMANN BACCI,ENIO BACCI,Advogado,Em Exercício,M,RS,PDT
141386,53,ANTÔNIO EUDES XAVIER,EUDES XAVIER,Comerciário,Em Exercício,M,CE,PT
171621,54,EURICO PINHEIRO BERNARDES JUNIOR,EURICO JÚNIOR,-,Em Exercício,M,RJ,PV
74345,53,EVANDRO COSTA MILHOMEN,EVANDRO MILHOMEN,Sociólogo,Em Exercício,M,AP,PCdoB
74062,53,FÁBIO LOUREIRO SOUTO,FÁBIO SOUTO,Economista,Em Exercício,M,BA,DEM
160587,54,FÁBIO RICARDO TRAD,FÁBIO TRAD,Advogado,Em Exercício,M,MS,PMDB
190149,55,FABRICIO JOSE SATIRO DE OLIVEIRA,FABRICIO OLIVEIRA,-,Suplência,M,SC,PSB
74065,53,FÁTIMA LÚCIA PELAES,FÁTIMA PELAES,SOCIÓLOGO,Em Exercício,F,AP,PMDB
74417,53,FERNANDO DANTAS FERRO,FERNANDO FERRO,Engenheiro Elétrico,Em Exercício,M,PE,PT
73481,53,FERNANDO STEPHAN MARRONI,FERNANDO MARRONI,-,Em Exercício,M,RS,PT
179383,54,LUIZ FERNANDO SALVADORI ZÁCHIA,FERNANDO ZACHIA,-,Em Exercício,M,RS,PMDB
141433,53,FILIPE DE ALMEIDA PEREIRA,FILIPE PEREIRA,"ADMINISTRADOR DE EMPRESAS, EMPRESÁRIO",Em Exercício,M,RJ,PSC
172029,54,FRANCISCO DAS CHAGAS FRANCILINO,FRANCISCO CHAGAS,-,Em Exercício,M,SP,PT
141438,53,FRANCISCO EDNALDO PRACIANO,FRANCISCO PRACIANO,Economista e Analista de Sistemas,Em Exercício,M,AM,PT
141467,54,JOSÉ FRANCISCO CERQUEIRA TENÓRIO,FRANCISCO TENÓRIO,"Agricultor, Bancário e Delegado de Polícia",Em Exercício,M,AL,PMN
160537,54,GABRIEL BENEDITO ISSAAC CHALITA,GABRIEL CHALITA,"Escritor, Professor Universitário",Licenciado,M,SP,PMDB
74200,53,GASTÃO DIAS VIEIRA,GASTÃO VIEIRA,Advogado,Em Exercício,M,MA,PMDB
74566,53,GERALDO SIMÕES DE OLIVEIRA,GERALDO SIMÕES,"Administrador de Empresas, Técnico Agrícola e Funcionário Público Federal",Em Exercício,M,BA,PT
74151,53,GERALDO THADEU PEDREIRA DOS SANTOS,GERALDO THADEU,ODONTOLOGO,Em Exercício,M,MG,PPS
179380,54,GILBERTO COUTINHO FREIRE,GILBERTO COUTINHO,-,Em Exercício,M,AL,PT
178996,55,GIOVANI BATISTA FELTES,GIOVANI FELTES,-,Licenciado,M,RS,PMDB
74077,53,GIOVANNI CORRÊA QUEIROZ,GIOVANNI QUEIROZ,Médico e Agropecuarista,Em Exercício,M,PA,PDT
160562,54,EDSON GIROTO,GIROTO,Engenheiro Civil,Em Exercício,M,MS,PR
141446,53,GLADSON DE LIMA CAMELI,GLADSON CAMELI,"EMPRESÁRIO, ENGENHEIRO CIVIL",Em Exercício,M,AC,PP
141447,53,GUILHERME CAMPOS JÚNIOR,GUILHERME CAMPOS,Comerciante e Empresário,Em Exercício,M,SP,DEM
176120,54,GUSTAVO LEMOS PETTA,GUSTAVO PETTA,-,Em Exercício,M,SP,PCdoB
175737,54,HELCIO ANTONIO DA SILVA,HELCIO SILVA,Advogado,Em Exercício,M,SP,PT
160590,54,HÉLIO BATISTA DOS SANTOS,HÉLIO SANTOS,Agropecuarista,Em Exercício,M,MA,PSDB
73940,53,HENRIQUE AFONSO SOARES LIMA,HENRIQUE AFONSO,PROFESSOR DE ENSINO DE PRIMEIRO E SEGUNDO GRAUS,Em Exercício,M,AC,PV
74324,53,HENRIQUE EDUARDO LYRA ALVES,HENRIQUE EDUARDO ALVES,Bacharel em Direito,Em Exercício,M,RN,PMDB
68731,54,JOSÉ HENRIQUE OLIVEIRA,HENRIQUE OLIVEIRA,"Apresentador de Televisão, Comunicador, Radialista",Vacância,M,AM,SD
160974,54,HUGO NAPOLEÃO DO REGO NETO,HUGO NAPOLEÃO,"Advogado, Professor",Em Exercício,M,PI,PSD
73935,52,DARCY HUMBERTO MICHILES,HUMBERTO MICHILES,SECURITARIO,Em Exercício,M,AM,PR
74780,54,IARA BERNARDI,IARA BERNARDI,Professora,Em Exercício,F,SP,PT
74421,53,INOCÊNCIO GOMES DE OLIVEIRA,INOCÊNCIO OLIVEIRA,Médico,Em Exercício,M,PE,PR
74162,53,IRINY NICOLAU CORRES LOPES,IRINY LOPES,OUTROS,Licenciado,F,ES,PT
141453,53,ÍRIS DE ARAÚJO REZENDE MACHADO,ÍRIS DE ARAÚJO,Administrador Público,Em Exercício,F,GO,PMDB
3151,53,JAIRO ATAÍDE VIEIRA,JAIRO ATAIDE,-,Em Exercício,M,MG,DEM
141455,53,JANETE ROCHA PIETÁ,JANETE ROCHA PIETÁ,Professora e Arquiteta,Em Exercício,F,SP,PT
160675,54,JÂNIO NATAL ANDRADE BORGES,JÂNIO NATAL,Administrador,Em Exercício,M,BA,PRP
97822,54,JAQUELINE MARIA RORIZ,JAQUELINE RORIZ,Pedagogo,Em Exercício,F,DF,PMN
160671,54,JESUS RODRIGUES ALVES,JESUS RODRIGUES,Industrial,Em Exercício,M,PI,PT
160574,54,JOÃO ANANIAS VASCONCÉLOS NETO,JOÃO ANANIAS,Doutor em Medicina,Em Exercício,M,CE,PCdoB
141457,53,JOÃO BITTAR JÚNIOR,JOÃO BITTAR,-,Em Exercício,M,MG,DEM
74559,54,JOÃO CALDAS DA SILVA,JOÃO CALDAS,-,Suplência,M,AL,SD
73682,53,JOÃO EDUARDO DADO LEITE DE CARVALHO,JOÃO DADO,AGENTE FISCAL DE RENDAS,Em Exercício,M,SP,PDT
74049,52,JOÃO JOSÉ PEREIRA DE LYRA,JOÃO LYRA,"Advogado, Industrial",Em Exercício,M,AL,PTB
74120,53,JOÃO LÚCIO MAGALHÃES BIFANO,JOÃO MAGALHÃES,Pecuarista e Cafeicultor,Em Exercício,M,MG,PMDB
141459,53,JOÃO DA SILVA MAIA,JOÃO MAIA,Economista,Em Exercício,M,RN,PR
160549,54,JOÃO PAULO LIMA E SILVA,JOÃO PAULO LIMA,Economista,Em Exercício,M,PE,PT
73874,53,JOÃO ALBERTO PIZZOLATTI JÚNIOR,JOÃO PIZZOLATTI,Servidor Público e Engenheiro Civil,Em Exercício,M,SC,PP
74686,53,JORGE RICARDO BITTAR,JORGE BITTAR,Engenheiro Eletrônico,Licenciado,M,RJ,PT
73536,53,JOSÉ ANÍBAL PERES DE PONTES,JOSÉ ANÍBAL,"Economista, Professor e Empresário",Licenciado,M,SP,PSDB
160661,54,JOSÉ AUGUSTO MAIA,JOSÉ AUGUSTO MAIA,-,Em Exercício,M,PE,PROS
74423,53,JOSÉ SEVERIANO CHAVES,JOSÉ CHAVES,Engenheiro Civil e Empresário,Em Exercício,M,PE,PTB
160396,53,JOSÉ HUMBERTO SOARES,JOSÉ HUMBERTO,"Comerciante, Consultor, Engenheiro Mecânico",Em Exercício,M,MG,PPS
74297,53,JOSÉ LINHARES PONTE,JOSÉ LINHARES,"Padre, Filósofo, Psicólogo, Professor, Pedagogo e Administrador",Em Exercício,M,CE,PP
4929,53,JOSEPH WALLACE FARIA BANDEIRA,JOSEPH BANDEIRA,-,Suplência,M,BA,PT
160519,54,JÚLIO JOSÉ DE CAMPOS,JÚLIO CAMPOS,"Empresário, Engenheiro Agrônomo",Em Exercício,M,MT,DEM
160648,54,RAIMUNDO COIMBRA JÚNIOR,JÚNIOR COIMBRA,Jornalista,Em Exercício,M,TO,PMDB
160544,54,JUNJI ABE,JUNJI ABE,"Consultor, Empresário Rural",Em Exercício,M,SP,PSD
74742,53,LAEL VIEIRA VARELLA,LAEL VARELLA,Empresário,Em Exercício,M,MG,DEM
160534,54,LAURIETE RODRIGUES PINTO,LAURIETE,Empresária,Em Exercício,F,ES,PSC
74367,53,LEANDRO VILELA VELLOSO,LEANDRO VILELA,COMERCIANTE,Em Exercício,M,GO,PMDB
179385,54,OCIMAR DONIZETI LEO OLIVEIRA,LÉO OLIVEIRA,-,Em Exercício,M,SP,PMDB
160533,54,LILIAM SÁ DE PAULA,LILIAM SÁ,"Apresentador de Televisão, Estudante Universitário, Radialista",Em Exercício,F,RJ,PROS
141462,53,JOAQUIM DE LIRA MAIA,LIRA MAIA,ENGENHEIRO AGRÔNOMO,Em Exercício,M,PA,DEM
160555,54,LOURIVAL MENDES DA FONSECA FILHO,LOURIVAL MENDES,"Delegado de Polícia de Classe Especial, Político",Em Exercício,M,MA,PTdoB
73474,52,LUCI TERESINHA KOSWOSKI CHOINACKI,LUCI CHOINACKI,Agricultora,Em Exercício,F,SC,PT
73982,53,LUCIANO DE SOUZA CASTRO,LUCIANO CASTRO,Administrador e Economista,Em Exercício,M,RR,PR
73777,54,LUCIANO PIZZATTO,LUCIANO PIZZATTO,-,Suplência,M,PR,DEM
74133,53,LUIZ ALBERTO SILVA DOS SANTOS,LUIZ ALBERTO,Técnico Químico,Em Exercício,M,BA,PT
160547,54,JOÃO LUIZ CORREIA ARGÔLO DOS SANTOS,LUIZ ARGÔLO,"Administrador, Empresário, Pecuarista",Em Exercício,M,BA,SD
160645,54,LUIZ CARLOS GOMES DOS SANTOS JUNIOR,LUIZ CARLOS,Advogado,Em Exercício,M,AP,PSDB
171618,54,LUIZ BARBOSA DE DEUS,LUIZ DE DEUS,-,Em Exercício,M,BA,DEM
160662,54,LUIZ FERNANDO ARANTES MACHADO,LUIZ FERNANDO MACHADO,-,Em Exercício,M,SP,PSDB
161906,54,LUIZ OTAVIO OLIVEIRA CAMPOS,LUIZ OTAVIO,-,Em Exercício,M,PA,PMDB
160550,54,LUIZ CARLOS PIETSCHMANN,LUIZ PITIMAN,Empresário Industrial,Em Exercício,M,DF,PSDB
74802,53,GERALDO MAGELA PEREIRA,MAGELA,BANCÁRIO,Licenciado,M,DF,PT
149327,54,FÁBIO RODRIGUES DE OLIVEIRA,MAJOR FÁBIO,-,Em Exercício,M,PB,PROS
179382,54,MANOEL ANTUNES,MANOEL ANTUNES,-,Em Exercício,M,SP,PDT
74456,53,MANOEL SALVIANO SOBRINHO,MANOEL SALVIANO,Médico e Industrial,Em Exercício,M,CE,PSDB
171622,54,MANUEL ROSA DA SILVA,MANUEL ROSA NECA,-,Em Exercício,M,RJ,PR
141492,53,MANUELA PINTO VIEIRA D'ÁVILA,MANUELA D'ÁVILA,JORNALISTA,Em Exercício,F,RS,PCdoB
74124,53,MARÇAL GONÇALVES LEITE FILHO,MARÇAL FILHO,-,Em Exercício,M,MS,PMDB
178821,54,MARCELO PEREIRA SURCIN,MARCELINHO CARIOCA,-,Em Exercício,M,SP,PSB
146613,54,MARCELO BELTRÃO DE ALMEIDA,MARCELO ALMEIDA,Engenheiro Civi,Em Exercício,M,PR,PMDB
74363,54,MÁRCIO MIGUEL BITTAR,MARCIO BITTAR,Agropecuarista,Em Exercício,M,AC,PSDB
141497,53,MÁRCIO LUIZ FRANÇA GOMES,MÁRCIO FRANÇA,ADVOGADO,Licenciado,M,SP,PSB
141496,54,MÁRCIO HENRIQUE JUNQUEIRA PEREIRA,MARCIO JUNQUEIRA,RADIALISTA,Em Exercício,M,RR,PROS
160542,54,MÁRCIO COSTA MACÊDO,MÁRCIO MACÊDO,"Biólogo, Professor",Em Exercício,M,SE,PT
178899,55,MARCIO CAMPOS MONTEIRO,MARCIO MONTEIRO,Agropecuarista,Licenciado,M,MS,PSDB
74745,53,MARCOS GUIMARAES DE CERQUEIRA LIMA,MARCOS LIMA,-,Em Exercício,M,MG,PMDB
176794,54,MARIA LUCIA PRANDI GOMES,MARIA LUCIA PRANDI ,-,Em Exercício,F,SP,PT
168447,54,MARIO FEITOZA DE CARVALHO FREITAS,MÁRIO FEITOZA,"Agropecuarista, Administrador de Empresas e Empresário",Em Exercício,M,CE,PMDB
121759,54,MARLLOS ROSSANO RIBEIRO GONÇALVES DE SAMPAIO,MARLLOS SAMPAIO,Delegado de Polícia,Em Exercício,M,PI,PMDB
179880,54,MASSAMI MIKI,MASSAMI MIKI,-,Em Exercício,M,AM,PSL
179386,54,MAURICIO LUITGARDS MOURA DE ALMEIDA SILVA,MAURÍCIO ALMEIDA ,-,Em Exercício,M,MA,PSB
141506,53,MAURÍCIO GONÇALVES TRINDADE,MAURÍCIO TRINDADE,Médico Dentista,Em Exercício,M,BA,PR
74056,53,JOSÉ DE ARAÚJO MENDONÇA SOBRINHO,MENDONÇA PRADO,ADVOGADO,Em Exercício,M,SE,DEM
160644,54,ESMERINO NERI BATISTA FILHO,MIRIQUINHO BATISTA,Professor de Ensino Médio,Em Exercício,M,PA,PT
141537,53,RUBENS MOREIRA MENDES FILHO,MOREIRA MENDES,"ADVOGADO, AGROPECUARISTA",Em Exercício,M,RO,PPS
74108,53,NÁRCIO RODRIGUES DA SILVEIRA,NARCIO RODRIGUES,Jornalista,Licenciado,M,MG,PSDB
74750,54,NEWTON CARDOSO,NEWTON CARDOSO,"Administrador, Advogado, Empresário, Sociólogo",Em Exercício,M,MG,PMDB
160657,54,NEWTON LIMA NETO,NEWTON LIMA,Professor Universitário,Em Exercício,M,SP,PT
74447,53,NICE LOBÃO,NICE LOBÃO,Servidora Pública,Em Exercício,F,MA,DEM
160564,54,OZANILDA GONDIM VITAL DO REGO,NILDA GONDIM,-,Em Exercício,F,PB,PMDB
73782,53,ODILIO BALBINOTTI,ODÍLIO BALBINOTTI,Agropecuarista e Empresário,Em Exercício,M,PR,PMDB
73464,54,BERNARDINO BARRETO DE OLIVEIRA,OLIVEIRA FILHO,-,Em Exercício,M,PR,PRB
160563,54,ONOFRE SANTO AGUSTINI,ONOFRE SANTO AGOSTINI,Serventuário da Justiça,Em Exercício,M,SC,PSD
141514,53,OSMAR RIBEIRO DE ALMEIDA JÚNIOR,OSMAR JÚNIOR,BACHAREL EM DIREITO,Em Exercício,M,PI,PCdoB
74430,52,OSVALDO DE SOUZA COELHO,OSVALDO COELHO,"Pecuarista, Advogado e Industrial",Em Exercício,M,PE,PFL
74191,54,OSVALDO DE SOUZA REIS,OSVALDO REIS,Empresário,Em Exercício,M,TO,PMDB
160540,54,OTONIEL CARLOS DE LIMA,OTONIEL LIMA,-,Em Exercício,M,SP,PRB
160650,54,OZIEL ALVES DE OLIVEIRA,OZIEL OLIVEIRA,"Administrador, Agricultor",Em Exercício,M,BA,PDT
160670,54,MÁRITON BENEDITO DE HOLANDA,PADRE TON,-,Em Exercício,M,RO,PT
73883,53,PAULO ROBERTO BARRETO BORNHAUSEN,PAULO BORNHAUSEN,ADVOGADO,Em Exercício,M,SC,DEM
74047,53,PAULO RUBEM SANTIAGO FERREIRA,PAULO RUBEM SANTIAGO,PROFESSOR DE ENSINO SUPERIOR,Em Exercício,M,PE,PDT
74556,53,PEDRO EUGÊNIO DE CASTRO TOLEDO CABRAL,PEDRO EUGÊNIO,Economista e Professor Universitário,Em Exercício,M,PE,PT
74207,53,PEDRO NOVAIS LIMA,PEDRO NOVAIS,Advogado,Licenciado,M,MA,PMDB
80920,55,JOSÉ LUIZ DE FRANÇA PENNA,PENNA,"Ator, Cantor, Compositor, Músico",Suplência,M,SP,PV
73943,53,MARIA PERPÉTUA DE ALMEIDA,PERPÉTUA ALMEIDA,Professora e Bancária,Em Exercício,F,AC,PCdoB
179384,54,JOSÉ PINTO DE LUNA,PINTO DE LUNA,-,Em Exercício,M,AL,PT
141465,53,JOSÉ ELEONILDO SOARES,PINTO ITAMARATY,Administrador de Empresas,Em Exercício,M,MA,PSDB
162174,54,ROBERTO POLICARPO FAGUNDES,POLICARPO,Servidor Público e Agrônomo,Em Exercício,M,DF,PT
141543,53,SÉTIMO WAQUIM,PROFESSOR SETIMO,Professor de Ensino Médio,Em Exercício,M,MA,PMDB
141403,53,CARLOS ROBERTO MASSA JÚNIOR,RATINHO JUNIOR,"Empresário, Diretor de Empresas e Comunicador",Em Exercício,M,PR,PSC
160656,54,RAUL DA SILVA LIMA SOBRINHO,RAUL LIMA,Administrador,Em Exercício,M,RR,PP
141525,53,REBECCA MARTINS GARCIA,REBECCA GARCIA,ECONOMISTA,Em Exercício,F,AM,PP
89282,54,JOSÉ ANTÔNIO MACHADO REGUFFE,REGUFFE,"Economista, Jornalista",Em Exercício,M,DF,PDT
160623,54,JOSÉ RENAN VASCONCELOS CALHEIROS FILHO,RENAN FILHO,Economista,Vacância,M,AL,PMDB
175212,54,RENATO SIMÕES,RENATO SIMÕES,-,Em Exercício,M,SP,PT
161903,54,ROBERTO DORNER,ROBERTO DORNER,-,Em Exercício,M,MT,PSD
141473,53,JOSÉ ROBERTO SANTIAGO GOMES,ROBERTO SANTIAGO,"COMERCIÁRIO, SINDICALISTA, JUIZ, PRESIDENTE DA FUNDACENTRO, SUPERINTENDENTE DO INSS/SP",Em Exercício,M,SP,PV
152865,53,RODRIGO BETHLEM FERNANDES,RODRIGO BETHLEM,-,Licenciado,M,RJ,PMDB
160568,54,ROGÉRIO CARVALHO SANTOS,ROGÉRIO CARVALHO,Médico,Em Exercício,M,SE,PT
160597,54,ROMARIO DE SOUZA FARIA,ROMÁRIO,Empresário,Em Exercício,M,RJ,PSB
74813,53,RONALDO RAMOS CAIADO,RONALDO CAIADO,"Médico, Professor e Produtor Rural",Em Exercício,M,GO,DEM
160594,54,RONALDO MIRO ZÜLKE,RONALDO ZULKE,Professor,Em Exercício,M,RS,PT
160614,54,CLEUSA ROSANE RIBAS FERREIRA,ROSANE FERREIRA,Enfermeira,Em Exercício,F,PR,PV
73507,53,ROSILDA DE FREITAS,ROSE DE FREITAS,"Professora, Radialista, Jornalista , Desenhista - Projetista e Agrimensora.",Em Exercício,F,ES,PMDB
179379,54,CARLA ROSYMAR ARAUJO DE SOUSA BARRETO,ROSY DE SOUSA,-,Em Exercício,F,RN,PV
104254,54,RUI COSTA DOS SANTOS,RUI COSTA,"Desenhista-Projetista, Economista, Técnico em Instrumentação Industrial",Vacância,M,BA,PT
160635,54,RUY MANUEL CARNEIRO BARBOSA DE ACA BELCHIOR,RUY CARNEIRO,Administrador,Em Exercício,M,PB,PSDB
73559,52,SALVADOR ZIMBALDI FILHO,SALVADOR ZIMBALDI,Servidor Público,Em Exercício,M,SP,PSB
74039,53,SANDRA MARIA DA ESCÓSSIA ROSADO,SANDRA ROSADO,ASSISTENTE SOCIAL E ADVOGADA,Em Exercício,F,RN,PSB
73676,53,SANDRO ANTONIO SCODRO,SANDRO MABEL,EMPRESARIO,Em Exercício,M,GO,PR
141539,53,SEBASTIÃO FERREIRA DA ROCHA,SEBASTIÃO BALA ROCHA,MÉDICO,Em Exercício,M,AP,PDT
74533,53,SÉRGIO BARRADAS CARNEIRO,SÉRGIO BARRADAS CARNEIRO,-,Em Exercício,M,BA,PT
168175,54,JOSE SIMPLICIO ALVES DE ARAUJO,SIMPLÍCIO ARAÚJO,-,Licenciado,M,MA,SD
160627,54,STEPAN NERCESSIAN,STEPAN NERCESSIAN,Ator,Em Exercício,M,RJ,PPS
141548,53,SUELI RANGEL SILVA VIDIGAL,SUELI VIDIGAL,Funcionário Público,Em Exercício,F,ES,PDT
160679,54,TAUMATURGO LIMA CORDEIRO,TAUMATURGO LIMA,-,Em Exercício,M,AC,PT
169711,54,TELMA PINHEIRO RIBEIRO,TELMA PINHEIRO,-,Em Exercício,F,MA,PSDB
141551,54,URZENI DA ROCHA FREITAS FILHO,URZENI ROCHA,MÉDICO,Em Exercício,M,RR,PSD
167617,54,VANDERLEI SIRAQUE,VANDERLEI SIRAQUE,Advogado,Em Exercício,M,SP,PT
160595,54,JOSÉ CARLOS VAZ DE LIMA,VAZ DE LIMA,Agente Fiscal de Rendas,Em Exercício,M,SP,PSDB
141400,53,CARLOS EDUARDO VIEIRA DA CUNHA,VIEIRA DA CUNHA,PROCURADOR DE JUSTIÇA,Em Exercício,M,RS,PDT
163322,54,ZACARIAS VILHARBA,VILALBA,-,Em Exercício,M,PE,PP
73677,52,VILMAR DA SILVA ROCHA,VILMAR ROCHA,"Advogado, Professor Universitário",Em Exercício,M,GO,PFL
141870,53,VILSON LUIZ COVATTI,VILSON COVATTI,Advogado,Em Exercício,M,RS,PP
92355,54,VITOR PAULO ARAÚJO DOS SANTOS,VITOR PAULO,"Jornalista, Radialista",Em Exercício,M,RJ,PRB
141557,53,VITOR PENIDO DE BARROS,VITOR PENIDO,-,Em Exercício,M,MG,DEM
160609,54,WALTER DA ROCHA TOSTA,WALTER TOSTA,Autônomo,Em Exercício,M,MG,PSD
141561,53,WANDENKOLK PASTEUR GONÇALVES,WANDENKOLK GONÇALVES,ENGENHEIRO AGRÔNOMO,Em Exercício,M,PA,PSDB
73653,53,WELLINGTON ANTONIO FAGUNDES,WELLINGTON FAGUNDES,Médico Veterinário e Comerciante,Em Exercício,M,MT,PR
179387,54,WELLINGTON SALGADO DE OLIVEIRA,WELLINGTON SALGADO,-,Em Exercício,M,MG,PMDB
160586,54,WILLIAM DIB,WILLIAM DIB,Médico,Em Exercício,M,SP,PSDB
168253,54,JOSE CARLOS DE JESUS RODRIGUES,ZE CARLOS DA PESCA,-,Em Exercício,M,BA,PP
152607,53,JOSÉ VIEIRA LINS,ZÉ VIEIRA,-,Em Exercício,M,MA,PR
160625,54,JORGE DE OLIVEIRA,ZOINHO,-,Em Exercício,M,RJ,PR
